model,model_key,cv_scheme,replication,seed_train,seed_test,param_name,selected_param,cv_est_error,test_error,cv_time_seconds,dgp_n,f_id,error_model,error_params,cv_bias
kernel,kernel,naive,0,338,1115,h,10.0,0.28778907068177345,1.8202355116063906,0.03667497634887695,1000,smooth_trend,arima,"{'p': 2, 'd': 0, 'q': 20, 'sigma': 0.45}",-1.5324464409246172
kernel,kernel,block,0,338,1115,h,20.689655172413794,2.6055914025626574,2.1631692546532855,0.035752296447753906,1000,smooth_trend,arima,"{'p': 2, 'd': 0, 'q': 20, 'sigma': 0.45}",0.44242214790937195
kernel,kernel,block_buffered,0,338,1115,h,320.0,2.725721142057088,1.9211574618008072,0.032418012619018555,1000,smooth_trend,arima,"{'p': 2, 'd': 0, 'q': 20, 'sigma': 0.45}",0.8045636802562808
kernel,kernel,walk_forward,0,338,1115,h,320.0,2.164168824734829,2.142413053462711,0.019266843795776367,1000,smooth_trend,arima,"{'p': 2, 'd': 0, 'q': 20, 'sigma': 0.45}",0.02175577127211792
kernel,kernel,naive,1,1338,2115,h,10.0,0.3996978926213398,1.6883087695266628,0.03585410118103027,1000,smooth_trend,arima,"{'p': 2, 'd': 0, 'q': 20, 'sigma': 0.45}",-1.2886108769053228
kernel,kernel,block,1,1338,2115,h,84.82758620689656,1.475464049436735,2.0838445474335954,0.03531599044799805,1000,smooth_trend,arima,"{'p': 2, 'd': 0, 'q': 20, 'sigma': 0.45}",-0.6083804979968603
kernel,kernel,block_buffered,1,1338,2115,h,31.379310344827587,1.2106812939533165,1.7086639247905553,0.033100128173828125,1000,smooth_trend,arima,"{'p': 2, 'd': 0, 'q': 20, 'sigma': 0.45}",-0.4979826308372388
kernel,kernel,walk_forward,1,1338,2115,h,10.0,1.0292709433399103,2.073880061927184,0.018722057342529297,1000,smooth_trend,arima,"{'p': 2, 'd': 0, 'q': 20, 'sigma': 0.45}",-1.044609118587274
kernel,kernel,naive,2,2338,3115,h,10.0,0.3129449694810454,2.6034720647162044,0.03585171699523926,1000,smooth_trend,arima,"{'p': 2, 'd': 0, 'q': 20, 'sigma': 0.45}",-2.290527095235159
kernel,kernel,block,2,2338,3115,h,95.51724137931035,1.328617133659336,2.8221054141750637,0.03554725646972656,1000,smooth_trend,arima,"{'p': 2, 'd': 0, 'q': 20, 'sigma': 0.45}",-1.4934882805157277
kernel,kernel,block_buffered,2,2338,3115,h,74.13793103448276,1.367353014710766,2.6524992785468164,0.03289389610290527,1000,smooth_trend,arima,"{'p': 2, 'd': 0, 'q': 20, 'sigma': 0.45}",-1.2851462638360505
kernel,kernel,walk_forward,2,2338,3115,h,127.58620689655173,1.6034594589221696,2.821126412865867,0.0186769962310791,1000,smooth_trend,arima,"{'p': 2, 'd': 0, 'q': 20, 'sigma': 0.45}",-1.2176669539436973
kernel,kernel,naive,3,3338,4115,h,10.0,0.36497713330386505,1.1211130663154,0.03586602210998535,1000,smooth_trend,arima,"{'p': 2, 'd': 0, 'q': 20, 'sigma': 0.45}",-0.756135933011535
kernel,kernel,block,3,3338,4115,h,320.0,1.3055501814094455,1.2863280154451386,0.035624027252197266,1000,smooth_trend,arima,"{'p': 2, 'd': 0, 'q': 20, 'sigma': 0.45}",0.019222165964306814
kernel,kernel,block_buffered,3,3338,4115,h,320.0,1.3010930866955008,1.3627275514461576,0.03312325477600098,1000,smooth_trend,arima,"{'p': 2, 'd': 0, 'q': 20, 'sigma': 0.45}",-0.061634464750656814
kernel,kernel,walk_forward,3,3338,4115,h,52.758620689655174,1.2696309659817233,1.1905235971950243,0.01939702033996582,1000,smooth_trend,arima,"{'p': 2, 'd': 0, 'q': 20, 'sigma': 0.45}",0.079107368786699
kernel,kernel,naive,4,4338,5115,h,10.0,0.33372463618264475,1.8714417550114963,0.03590893745422363,1000,smooth_trend,arima,"{'p': 2, 'd': 0, 'q': 20, 'sigma': 0.45}",-1.5377171188288516
kernel,kernel,block,4,4338,5115,h,74.13793103448276,1.3008272239993484,1.9851635786634645,0.03372502326965332,1000,smooth_trend,arima,"{'p': 2, 'd': 0, 'q': 20, 'sigma': 0.45}",-0.6843363546641161
kernel,kernel,block_buffered,4,4338,5115,h,63.44827586206897,1.229787653462342,2.0142515586835747,0.03121185302734375,1000,smooth_trend,arima,"{'p': 2, 'd': 0, 'q': 20, 'sigma': 0.45}",-0.7844639052212328
kernel,kernel,walk_forward,4,4338,5115,h,31.379310344827587,1.5046968696716225,1.6573670786775387,0.017768144607543945,1000,smooth_trend,arima,"{'p': 2, 'd': 0, 'q': 20, 'sigma': 0.45}",-0.1526702090059162
kernel,kernel,naive,5,5338,6115,h,10.0,0.32888586578696233,2.3617099656468605,0.03617095947265625,1000,smooth_trend,arima,"{'p': 2, 'd': 0, 'q': 20, 'sigma': 0.45}",-2.0328240998598983
kernel,kernel,block,5,5338,6115,h,74.13793103448276,1.0411664655422297,2.636079011243088,0.03550291061401367,1000,smooth_trend,arima,"{'p': 2, 'd': 0, 'q': 20, 'sigma': 0.45}",-1.5949125457008582
kernel,kernel,block_buffered,5,5338,6115,h,52.758620689655174,1.0575353136292687,2.6897596279170513,0.033016204833984375,1000,smooth_trend,arima,"{'p': 2, 'd': 0, 'q': 20, 'sigma': 0.45}",-1.6322243142877826
kernel,kernel,walk_forward,5,5338,6115,h,63.44827586206897,1.5187097787493495,2.0457968575417467,0.01906108856201172,1000,smooth_trend,arima,"{'p': 2, 'd': 0, 'q': 20, 'sigma': 0.45}",-0.5270870787923971
kernel,kernel,naive,6,6338,7115,h,10.0,0.42600638180366346,1.692654824593113,0.03524899482727051,1000,smooth_trend,arima,"{'p': 2, 'd': 0, 'q': 20, 'sigma': 0.45}",-1.2666484427894495
kernel,kernel,block,6,6338,7115,h,159.6551724137931,1.740913471096792,2.3432623705010913,0.035674095153808594,1000,smooth_trend,arima,"{'p': 2, 'd': 0, 'q': 20, 'sigma': 0.45}",-0.6023488994042994
kernel,kernel,block_buffered,6,6338,7115,h,10.0,1.7133911523507783,3.2397018991370543,0.03311419486999512,1000,smooth_trend,arima,"{'p': 2, 'd': 0, 'q': 20, 'sigma': 0.45}",-1.526310746786276
kernel,kernel,walk_forward,6,6338,7115,h,20.689655172413794,1.9168267014398248,2.180982043291082,0.01934814453125,1000,smooth_trend,arima,"{'p': 2, 'd': 0, 'q': 20, 'sigma': 0.45}",-0.2641553418512572
kernel,kernel,naive,7,7338,8115,h,10.0,0.32104080055050604,3.478732487225538,0.03577709197998047,1000,smooth_trend,arima,"{'p': 2, 'd': 0, 'q': 20, 'sigma': 0.45}",-3.157691686675032
kernel,kernel,block,7,7338,8115,h,10.0,1.655315144671161,3.3183800501951124,0.035531044006347656,1000,smooth_trend,arima,"{'p': 2, 'd': 0, 'q': 20, 'sigma': 0.45}",-1.6630649055239515
kernel,kernel,block_buffered,7,7338,8115,h,320.0,1.6879099698184912,3.760459226607913,0.033087968826293945,1000,smooth_trend,arima,"{'p': 2, 'd': 0, 'q': 20, 'sigma': 0.45}",-2.0725492567894217
kernel,kernel,walk_forward,7,7338,8115,h,320.0,0.8449482106062659,3.1733938604116805,0.019234895706176758,1000,smooth_trend,arima,"{'p': 2, 'd': 0, 'q': 20, 'sigma': 0.45}",-2.3284456498054147
kernel,kernel,naive,8,8338,9115,h,10.0,0.2727950618374083,1.917392582632471,0.03524303436279297,1000,smooth_trend,arima,"{'p': 2, 'd': 0, 'q': 20, 'sigma': 0.45}",-1.6445975207950627
kernel,kernel,block,8,8338,9115,h,320.0,1.6601343539235358,2.2726617507379943,0.03560495376586914,1000,smooth_trend,arima,"{'p': 2, 'd': 0, 'q': 20, 'sigma': 0.45}",-0.6125273968144584
kernel,kernel,block_buffered,8,8338,9115,h,320.0,1.616359957002583,2.2430203221313527,0.03324007987976074,1000,smooth_trend,arima,"{'p': 2, 'd': 0, 'q': 20, 'sigma': 0.45}",-0.6266603651287697
kernel,kernel,walk_forward,8,8338,9115,h,170.34482758620692,0.6907462502577029,2.204161362004279,0.019237756729125977,1000,smooth_trend,arima,"{'p': 2, 'd': 0, 'q': 20, 'sigma': 0.45}",-1.5134151117465762
kernel,kernel,naive,9,9338,10115,h,10.0,0.3490934095097752,1.3877747993140193,0.03587007522583008,1000,smooth_trend,arima,"{'p': 2, 'd': 0, 'q': 20, 'sigma': 0.45}",-1.038681389804244
kernel,kernel,block,9,9338,10115,h,84.82758620689656,1.4577803717316054,1.6907106599109931,0.035637855529785156,1000,smooth_trend,arima,"{'p': 2, 'd': 0, 'q': 20, 'sigma': 0.45}",-0.23293028817938777
kernel,kernel,block_buffered,9,9338,10115,h,31.379310344827587,1.5957414684719882,1.5361736132288022,0.03297686576843262,1000,smooth_trend,arima,"{'p': 2, 'd': 0, 'q': 20, 'sigma': 0.45}",0.059567855243185974
kernel,kernel,walk_forward,9,9338,10115,h,63.44827586206897,1.230645832827489,1.4833358412762305,0.0191652774810791,1000,smooth_trend,arima,"{'p': 2, 'd': 0, 'q': 20, 'sigma': 0.45}",-0.25269000844874157
kernel,kernel,naive,10,10338,11115,h,10.0,0.35000064897213373,1.8611896081886432,0.035819053649902344,1000,smooth_trend,arima,"{'p': 2, 'd': 0, 'q': 20, 'sigma': 0.45}",-1.5111889592165095
kernel,kernel,block,10,10338,11115,h,320.0,2.197895863683246,2.315212418825031,0.035619258880615234,1000,smooth_trend,arima,"{'p': 2, 'd': 0, 'q': 20, 'sigma': 0.45}",-0.11731655514178474
kernel,kernel,block_buffered,10,10338,11115,h,116.89655172413794,2.113795627278489,2.301907248495311,0.032318115234375,1000,smooth_trend,arima,"{'p': 2, 'd': 0, 'q': 20, 'sigma': 0.45}",-0.18811162121682212
kernel,kernel,walk_forward,10,10338,11115,h,106.20689655172414,1.0400147177415802,2.2076104365659956,0.019197940826416016,1000,smooth_trend,arima,"{'p': 2, 'd': 0, 'q': 20, 'sigma': 0.45}",-1.1675957188244155
kernel,kernel,naive,11,11338,12115,h,10.0,0.29487469870779615,1.5365527151847203,0.03593087196350098,1000,smooth_trend,arima,"{'p': 2, 'd': 0, 'q': 20, 'sigma': 0.45}",-1.241678016476924
kernel,kernel,block,11,11338,12115,h,52.758620689655174,1.4944650413697094,1.5481860825422926,0.035600900650024414,1000,smooth_trend,arima,"{'p': 2, 'd': 0, 'q': 20, 'sigma': 0.45}",-0.05372104117258325
kernel,kernel,block_buffered,11,11338,12115,h,95.51724137931035,2.320839373809509,1.9650290333167733,0.03298616409301758,1000,smooth_trend,arima,"{'p': 2, 'd': 0, 'q': 20, 'sigma': 0.45}",0.35581034049273574
kernel,kernel,walk_forward,11,11338,12115,h,63.44827586206897,0.865605418991202,1.7476870949974685,0.019176959991455078,1000,smooth_trend,arima,"{'p': 2, 'd': 0, 'q': 20, 'sigma': 0.45}",-0.8820816760062665
kernel,kernel,naive,12,12338,13115,h,10.0,0.3907349413994668,1.354172467869685,0.03581595420837402,1000,smooth_trend,arima,"{'p': 2, 'd': 0, 'q': 20, 'sigma': 0.45}",-0.9634375264702182
kernel,kernel,block,12,12338,13115,h,20.689655172413794,1.9249603392087926,1.629690466935222,0.037335872650146484,1000,smooth_trend,arima,"{'p': 2, 'd': 0, 'q': 20, 'sigma': 0.45}",0.2952698722735707
kernel,kernel,block_buffered,12,12338,13115,h,106.20689655172414,2.1588098162275022,1.9595823783334894,0.033505916595458984,1000,smooth_trend,arima,"{'p': 2, 'd': 0, 'q': 20, 'sigma': 0.45}",0.19922743789401287
kernel,kernel,walk_forward,12,12338,13115,h,74.13793103448276,1.9755237998640354,2.1840726485712656,0.01944875717163086,1000,smooth_trend,arima,"{'p': 2, 'd': 0, 'q': 20, 'sigma': 0.45}",-0.20854884870723023
kernel,kernel,naive,13,13338,14115,h,10.0,0.3535027252765722,2.0174222927898255,0.036293983459472656,1000,smooth_trend,arima,"{'p': 2, 'd': 0, 'q': 20, 'sigma': 0.45}",-1.6639195675132532
kernel,kernel,block,13,13338,14115,h,63.44827586206897,1.4773709257676022,3.2004943037273583,0.035227298736572266,1000,smooth_trend,arima,"{'p': 2, 'd': 0, 'q': 20, 'sigma': 0.45}",-1.7231233779597561
kernel,kernel,block_buffered,13,13338,14115,h,320.0,1.523700014528566,2.945279074620978,0.033202171325683594,1000,smooth_trend,arima,"{'p': 2, 'd': 0, 'q': 20, 'sigma': 0.45}",-1.421579060092412
kernel,kernel,walk_forward,13,13338,14115,h,106.20689655172414,1.3043248876280094,3.2017931392331547,0.019212961196899414,1000,smooth_trend,arima,"{'p': 2, 'd': 0, 'q': 20, 'sigma': 0.45}",-1.8974682516051453
kernel,kernel,naive,14,14338,15115,h,10.0,0.3044242652667307,1.4043285399795156,0.03521299362182617,1000,smooth_trend,arima,"{'p': 2, 'd': 0, 'q': 20, 'sigma': 0.45}",-1.099904274712785
kernel,kernel,block,14,14338,15115,h,20.689655172413794,0.8283697721834571,3.1046600006010703,0.03479814529418945,1000,smooth_trend,arima,"{'p': 2, 'd': 0, 'q': 20, 'sigma': 0.45}",-2.276290228417613
kernel,kernel,block_buffered,14,14338,15115,h,320.0,1.031181214953082,4.039200819936554,0.03287982940673828,1000,smooth_trend,arima,"{'p': 2, 'd': 0, 'q': 20, 'sigma': 0.45}",-3.008019604983472
kernel,kernel,walk_forward,14,14338,15115,h,106.20689655172414,0.8069658926756782,2.8890711134883773,0.01883387565612793,1000,smooth_trend,arima,"{'p': 2, 'd': 0, 'q': 20, 'sigma': 0.45}",-2.082105220812699
kernel,kernel,naive,15,15338,16115,h,10.0,0.39175942817891973,2.858915687945825,0.03573036193847656,1000,smooth_trend,arima,"{'p': 2, 'd': 0, 'q': 20, 'sigma': 0.45}",-2.467156259766905
kernel,kernel,block,15,15338,16115,h,106.20689655172414,1.781445714714819,3.073022729941008,0.034734249114990234,1000,smooth_trend,arima,"{'p': 2, 'd': 0, 'q': 20, 'sigma': 0.45}",-1.291577015226189
kernel,kernel,block_buffered,15,15338,16115,h,63.44827586206897,1.6128726886553135,3.6338033481815004,0.03307008743286133,1000,smooth_trend,arima,"{'p': 2, 'd': 0, 'q': 20, 'sigma': 0.45}",-2.020930659526187
kernel,kernel,walk_forward,15,15338,16115,h,42.06896551724138,1.4652642221941685,3.0977284705466195,0.01924896240234375,1000,smooth_trend,arima,"{'p': 2, 'd': 0, 'q': 20, 'sigma': 0.45}",-1.632464248352451
kernel,kernel,naive,16,16338,17115,h,10.0,0.3644212022259785,1.818339491454879,0.03593015670776367,1000,smooth_trend,arima,"{'p': 2, 'd': 0, 'q': 20, 'sigma': 0.45}",-1.4539182892289004
kernel,kernel,block,16,16338,17115,h,320.0,1.6762739696773117,3.6128524842589393,0.035581111907958984,1000,smooth_trend,arima,"{'p': 2, 'd': 0, 'q': 20, 'sigma': 0.45}",-1.9365785145816277
kernel,kernel,block_buffered,16,16338,17115,h,320.0,1.7082723568189528,3.5694110438095263,0.03292703628540039,1000,smooth_trend,arima,"{'p': 2, 'd': 0, 'q': 20, 'sigma': 0.45}",-1.8611386869905735
kernel,kernel,walk_forward,16,16338,17115,h,320.0,1.2522186401837443,3.6754356132312864,0.01914525032043457,1000,smooth_trend,arima,"{'p': 2, 'd': 0, 'q': 20, 'sigma': 0.45}",-2.423216973047542
kernel,kernel,naive,17,17338,18115,h,10.0,0.34181470457184904,1.5890502637629624,0.0358583927154541,1000,smooth_trend,arima,"{'p': 2, 'd': 0, 'q': 20, 'sigma': 0.45}",-1.2472355591911133
kernel,kernel,block,17,17338,18115,h,95.51724137931035,1.8240905464095007,2.7743669911992184,0.0356600284576416,1000,smooth_trend,arima,"{'p': 2, 'd': 0, 'q': 20, 'sigma': 0.45}",-0.9502764447897176
kernel,kernel,block_buffered,17,17338,18115,h,95.51724137931035,2.0562532852596127,2.77824235262499,0.03326606750488281,1000,smooth_trend,arima,"{'p': 2, 'd': 0, 'q': 20, 'sigma': 0.45}",-0.7219890673653775
kernel,kernel,walk_forward,17,17338,18115,h,20.689655172413794,1.9250908331705707,2.488186937072344,0.01922607421875,1000,smooth_trend,arima,"{'p': 2, 'd': 0, 'q': 20, 'sigma': 0.45}",-0.5630961039017732
kernel,kernel,naive,18,18338,19115,h,10.0,0.36740608580596124,1.9026833108025318,0.03580594062805176,1000,smooth_trend,arima,"{'p': 2, 'd': 0, 'q': 20, 'sigma': 0.45}",-1.5352772249965705
kernel,kernel,block,18,18338,19115,h,320.0,1.1402196963948654,2.2812540596390307,0.03560185432434082,1000,smooth_trend,arima,"{'p': 2, 'd': 0, 'q': 20, 'sigma': 0.45}",-1.1410343632441653
kernel,kernel,block_buffered,18,18338,19115,h,320.0,1.1485059271957623,2.518275792576639,0.03294801712036133,1000,smooth_trend,arima,"{'p': 2, 'd': 0, 'q': 20, 'sigma': 0.45}",-1.3697698653808767
kernel,kernel,walk_forward,18,18338,19115,h,320.0,1.260563763676137,2.643619558419562,0.019186019897460938,1000,smooth_trend,arima,"{'p': 2, 'd': 0, 'q': 20, 'sigma': 0.45}",-1.3830557947434248
kernel,kernel,naive,19,19338,20115,h,10.0,0.39602981135349086,2.5375247091793938,0.03495597839355469,1000,smooth_trend,arima,"{'p': 2, 'd': 0, 'q': 20, 'sigma': 0.45}",-2.1414948978259027
kernel,kernel,block,19,19338,20115,h,320.0,1.8166298638513045,2.5163223499132243,0.03491687774658203,1000,smooth_trend,arima,"{'p': 2, 'd': 0, 'q': 20, 'sigma': 0.45}",-0.6996924860619198
kernel,kernel,block_buffered,19,19338,20115,h,320.0,1.8715351994075533,2.536541124736769,0.033402204513549805,1000,smooth_trend,arima,"{'p': 2, 'd': 0, 'q': 20, 'sigma': 0.45}",-0.6650059253292158
kernel,kernel,walk_forward,19,19338,20115,h,31.379310344827587,1.6202490455570124,2.5858461929015046,0.018917083740234375,1000,smooth_trend,arima,"{'p': 2, 'd': 0, 'q': 20, 'sigma': 0.45}",-0.9655971473444922
kernel,kernel,naive,20,20338,21115,h,10.0,0.41701603233628914,1.8000440234995767,0.03508710861206055,1000,smooth_trend,arima,"{'p': 2, 'd': 0, 'q': 20, 'sigma': 0.45}",-1.3830279911632877
kernel,kernel,block,20,20338,21115,h,320.0,1.5597599282005947,1.3540806325297026,0.03413820266723633,1000,smooth_trend,arima,"{'p': 2, 'd': 0, 'q': 20, 'sigma': 0.45}",0.20567929567089216
kernel,kernel,block_buffered,20,20338,21115,h,320.0,1.5433856125114807,1.5386568852667604,0.033722877502441406,1000,smooth_trend,arima,"{'p': 2, 'd': 0, 'q': 20, 'sigma': 0.45}",0.004728727244720288
kernel,kernel,walk_forward,20,20338,21115,h,320.0,1.5308741673582675,1.524824360156035,0.01914191246032715,1000,smooth_trend,arima,"{'p': 2, 'd': 0, 'q': 20, 'sigma': 0.45}",0.006049807202232582
kernel,kernel,naive,21,21338,22115,h,10.0,0.3201164221419264,1.9004233525995573,0.03600883483886719,1000,smooth_trend,arima,"{'p': 2, 'd': 0, 'q': 20, 'sigma': 0.45}",-1.580306930457631
kernel,kernel,block,21,21338,22115,h,74.13793103448276,1.378267860890288,2.580623102728672,0.03484082221984863,1000,smooth_trend,arima,"{'p': 2, 'd': 0, 'q': 20, 'sigma': 0.45}",-1.2023552418383838
kernel,kernel,block_buffered,21,21338,22115,h,42.06896551724138,1.2009175829735845,2.6464961069675885,0.03301811218261719,1000,smooth_trend,arima,"{'p': 2, 'd': 0, 'q': 20, 'sigma': 0.45}",-1.445578523994004
kernel,kernel,walk_forward,21,21338,22115,h,63.44827586206897,1.0387661686937602,2.144715846595596,0.019427061080932617,1000,smooth_trend,arima,"{'p': 2, 'd': 0, 'q': 20, 'sigma': 0.45}",-1.1059496779018358
kernel,kernel,naive,22,22338,23115,h,10.0,0.34798105254941913,1.9439064138042768,0.03586983680725098,1000,smooth_trend,arima,"{'p': 2, 'd': 0, 'q': 20, 'sigma': 0.45}",-1.5959253612548576
kernel,kernel,block,22,22338,23115,h,31.379310344827587,1.7300073836396155,3.0355442655230833,0.034764766693115234,1000,smooth_trend,arima,"{'p': 2, 'd': 0, 'q': 20, 'sigma': 0.45}",-1.3055368818834678
kernel,kernel,block_buffered,22,22338,23115,h,181.0344827586207,1.9637024615191148,2.9018093316871845,0.032964229583740234,1000,smooth_trend,arima,"{'p': 2, 'd': 0, 'q': 20, 'sigma': 0.45}",-0.9381068701680697
kernel,kernel,walk_forward,22,22338,23115,h,10.0,1.4045906173073224,2.6378405017955453,0.019341230392456055,1000,smooth_trend,arima,"{'p': 2, 'd': 0, 'q': 20, 'sigma': 0.45}",-1.233249884488223
kernel,kernel,naive,23,23338,24115,h,10.0,0.3188909369599071,0.9662297055046846,0.03570699691772461,1000,smooth_trend,arima,"{'p': 2, 'd': 0, 'q': 20, 'sigma': 0.45}",-0.6473387685447775
kernel,kernel,block,23,23338,24115,h,74.13793103448276,1.215881037528809,1.709973051682732,0.03574204444885254,1000,smooth_trend,arima,"{'p': 2, 'd': 0, 'q': 20, 'sigma': 0.45}",-0.4940920141539231
kernel,kernel,block_buffered,23,23338,24115,h,106.20689655172414,1.506083631417001,2.163345551176355,0.03326678276062012,1000,smooth_trend,arima,"{'p': 2, 'd': 0, 'q': 20, 'sigma': 0.45}",-0.6572619197593539
kernel,kernel,walk_forward,23,23338,24115,h,10.0,0.9945283774614805,1.4742196751480146,0.01939105987548828,1000,smooth_trend,arima,"{'p': 2, 'd': 0, 'q': 20, 'sigma': 0.45}",-0.47969129768653407
kernel,kernel,naive,24,24338,25115,h,10.0,0.39450655147500646,2.745047098400183,0.03468894958496094,1000,smooth_trend,arima,"{'p': 2, 'd': 0, 'q': 20, 'sigma': 0.45}",-2.3505405469251768
kernel,kernel,block,24,24338,25115,h,52.758620689655174,2.056654109885377,2.510141046034834,0.035369157791137695,1000,smooth_trend,arima,"{'p': 2, 'd': 0, 'q': 20, 'sigma': 0.45}",-0.45348693614945734
kernel,kernel,block_buffered,24,24338,25115,h,320.0,2.17077774635374,3.285766086437998,0.03316211700439453,1000,smooth_trend,arima,"{'p': 2, 'd': 0, 'q': 20, 'sigma': 0.45}",-1.114988340084258
kernel,kernel,walk_forward,24,24338,25115,h,42.06896551724138,1.7559628978119506,2.882803667354461,0.01956486701965332,1000,smooth_trend,arima,"{'p': 2, 'd': 0, 'q': 20, 'sigma': 0.45}",-1.1268407695425104
kernel,kernel,naive,25,25338,26115,h,10.0,0.4100098934874232,2.3821949548789965,0.03575587272644043,1000,smooth_trend,arima,"{'p': 2, 'd': 0, 'q': 20, 'sigma': 0.45}",-1.9721850613915732
kernel,kernel,block,25,25338,26115,h,63.44827586206897,2.0878374813159413,2.7141580862614356,0.035719871520996094,1000,smooth_trend,arima,"{'p': 2, 'd': 0, 'q': 20, 'sigma': 0.45}",-0.6263206049454944
kernel,kernel,block_buffered,25,25338,26115,h,42.06896551724138,2.167280665387956,2.386644641648272,0.03322005271911621,1000,smooth_trend,arima,"{'p': 2, 'd': 0, 'q': 20, 'sigma': 0.45}",-0.21936397626031567
kernel,kernel,walk_forward,25,25338,26115,h,148.9655172413793,1.793199078289564,2.6063164314916896,0.019437074661254883,1000,smooth_trend,arima,"{'p': 2, 'd': 0, 'q': 20, 'sigma': 0.45}",-0.8131173532021256
kernel,kernel,naive,26,26338,27115,h,10.0,0.3299206949729797,2.326183442447968,0.03503108024597168,1000,smooth_trend,arima,"{'p': 2, 'd': 0, 'q': 20, 'sigma': 0.45}",-1.9962627474749883
kernel,kernel,block,26,26338,27115,h,320.0,1.557394562034127,2.4492775070247497,0.034919023513793945,1000,smooth_trend,arima,"{'p': 2, 'd': 0, 'q': 20, 'sigma': 0.45}",-0.8918829449906227
kernel,kernel,block_buffered,26,26338,27115,h,116.89655172413794,1.5012000268085188,2.3055083411317185,0.03318595886230469,1000,smooth_trend,arima,"{'p': 2, 'd': 0, 'q': 20, 'sigma': 0.45}",-0.8043083143231997
kernel,kernel,walk_forward,26,26338,27115,h,106.20689655172414,1.4935062894744384,2.214321010170392,0.01960301399230957,1000,smooth_trend,arima,"{'p': 2, 'd': 0, 'q': 20, 'sigma': 0.45}",-0.7208147206959536
kernel,kernel,naive,27,27338,28115,h,10.0,0.2833995784658919,1.489325687013657,0.036047935485839844,1000,smooth_trend,arima,"{'p': 2, 'd': 0, 'q': 20, 'sigma': 0.45}",-1.2059261085477653
kernel,kernel,block,27,27338,28115,h,63.44827586206897,0.9658584210362381,2.6192888343302725,0.03480219841003418,1000,smooth_trend,arima,"{'p': 2, 'd': 0, 'q': 20, 'sigma': 0.45}",-1.6534304132940343
kernel,kernel,block_buffered,27,27338,28115,h,42.06896551724138,1.0251338501100424,2.5568704357820633,0.03299570083618164,1000,smooth_trend,arima,"{'p': 2, 'd': 0, 'q': 20, 'sigma': 0.45}",-1.5317365856720209
kernel,kernel,walk_forward,27,27338,28115,h,320.0,1.1631888823144736,3.089449216353812,0.019470930099487305,1000,smooth_trend,arima,"{'p': 2, 'd': 0, 'q': 20, 'sigma': 0.45}",-1.9262603340393383
kernel,kernel,naive,28,28338,29115,h,10.0,0.33543059359166266,1.5572518145471155,0.035986900329589844,1000,smooth_trend,arima,"{'p': 2, 'd': 0, 'q': 20, 'sigma': 0.45}",-1.2218212209554529
kernel,kernel,block,28,28338,29115,h,320.0,1.990780987521203,3.444120954133716,0.0360567569732666,1000,smooth_trend,arima,"{'p': 2, 'd': 0, 'q': 20, 'sigma': 0.45}",-1.4533399666125129
kernel,kernel,block_buffered,28,28338,29115,h,320.0,2.023076887110001,3.3293952527357376,0.033102989196777344,1000,smooth_trend,arima,"{'p': 2, 'd': 0, 'q': 20, 'sigma': 0.45}",-1.3063183656257364
kernel,kernel,walk_forward,28,28338,29115,h,202.41379310344828,1.3429414961927881,3.0735585614049676,0.019260168075561523,1000,smooth_trend,arima,"{'p': 2, 'd': 0, 'q': 20, 'sigma': 0.45}",-1.7306170652121795
kernel,kernel,naive,29,29338,30115,h,10.0,0.30331529650854233,3.0361101361564486,0.03593087196350098,1000,smooth_trend,arima,"{'p': 2, 'd': 0, 'q': 20, 'sigma': 0.45}",-2.7327948396479065
kernel,kernel,block,29,29338,30115,h,63.44827586206897,1.1958954377525068,2.8454647842660057,0.035553932189941406,1000,smooth_trend,arima,"{'p': 2, 'd': 0, 'q': 20, 'sigma': 0.45}",-1.6495693465134988
kernel,kernel,block_buffered,29,29338,30115,h,74.13793103448276,1.306491421643959,2.9011766985836935,0.03305983543395996,1000,smooth_trend,arima,"{'p': 2, 'd': 0, 'q': 20, 'sigma': 0.45}",-1.5946852769397346
kernel,kernel,walk_forward,29,29338,30115,h,191.72413793103448,1.5162662592760097,3.2004540547146347,0.019201993942260742,1000,smooth_trend,arima,"{'p': 2, 'd': 0, 'q': 20, 'sigma': 0.45}",-1.684187795438625
kernel,kernel,naive,30,30338,31115,h,10.0,0.3264881103529862,1.5784444132438615,0.03599214553833008,1000,smooth_trend,arima,"{'p': 2, 'd': 0, 'q': 20, 'sigma': 0.45}",-1.2519563028908753
kernel,kernel,block,30,30338,31115,h,320.0,1.8262785929675829,2.227522152291807,0.03560495376586914,1000,smooth_trend,arima,"{'p': 2, 'd': 0, 'q': 20, 'sigma': 0.45}",-0.4012435593242243
kernel,kernel,block_buffered,30,30338,31115,h,320.0,1.7320706741880976,1.9799486616845576,0.033185720443725586,1000,smooth_trend,arima,"{'p': 2, 'd': 0, 'q': 20, 'sigma': 0.45}",-0.24787798749646006
kernel,kernel,walk_forward,30,30338,31115,h,20.689655172413794,0.9849681250485153,2.449160288935025,0.018823862075805664,1000,smooth_trend,arima,"{'p': 2, 'd': 0, 'q': 20, 'sigma': 0.45}",-1.4641921638865094
kernel,kernel,naive,31,31338,32115,h,10.0,0.33999040734205643,2.8607216606257984,0.03596901893615723,1000,smooth_trend,arima,"{'p': 2, 'd': 0, 'q': 20, 'sigma': 0.45}",-2.520731253283742
kernel,kernel,block,31,31338,32115,h,320.0,1.4193826377335468,3.5729221617486844,0.03570270538330078,1000,smooth_trend,arima,"{'p': 2, 'd': 0, 'q': 20, 'sigma': 0.45}",-2.1535395240151374
kernel,kernel,block_buffered,31,31338,32115,h,148.9655172413793,1.386396825880699,3.140348159011343,0.033464908599853516,1000,smooth_trend,arima,"{'p': 2, 'd': 0, 'q': 20, 'sigma': 0.45}",-1.7539513331306442
kernel,kernel,walk_forward,31,31338,32115,h,320.0,1.2598667596609026,2.9795252729709323,0.0196230411529541,1000,smooth_trend,arima,"{'p': 2, 'd': 0, 'q': 20, 'sigma': 0.45}",-1.7196585133100297
kernel,kernel,naive,32,32338,33115,h,10.0,0.39804375258220503,1.3624029481636388,0.03495907783508301,1000,smooth_trend,arima,"{'p': 2, 'd': 0, 'q': 20, 'sigma': 0.45}",-0.9643591955814338
kernel,kernel,block,32,32338,33115,h,52.758620689655174,1.367410197525771,1.9378077324874075,0.03571605682373047,1000,smooth_trend,arima,"{'p': 2, 'd': 0, 'q': 20, 'sigma': 0.45}",-0.5703975349616364
kernel,kernel,block_buffered,32,32338,33115,h,42.06896551724138,1.5516088075963541,2.4986373251903027,0.03326702117919922,1000,smooth_trend,arima,"{'p': 2, 'd': 0, 'q': 20, 'sigma': 0.45}",-0.9470285175939486
kernel,kernel,walk_forward,32,32338,33115,h,42.06896551724138,1.1735843727740096,2.308881002002447,0.019384145736694336,1000,smooth_trend,arima,"{'p': 2, 'd': 0, 'q': 20, 'sigma': 0.45}",-1.1352966292284374
kernel,kernel,naive,33,33338,34115,h,10.0,0.30522267236845985,1.168209403531821,0.03496980667114258,1000,smooth_trend,arima,"{'p': 2, 'd': 0, 'q': 20, 'sigma': 0.45}",-0.862986731163361
kernel,kernel,block,33,33338,34115,h,42.06896551724138,1.8219459414105796,2.204981222317838,0.03499794006347656,1000,smooth_trend,arima,"{'p': 2, 'd': 0, 'q': 20, 'sigma': 0.45}",-0.38303528090725836
kernel,kernel,block_buffered,33,33338,34115,h,10.0,2.133572611225183,2.21870178248084,0.03318214416503906,1000,smooth_trend,arima,"{'p': 2, 'd': 0, 'q': 20, 'sigma': 0.45}",-0.085129171255657
kernel,kernel,walk_forward,33,33338,34115,h,10.0,1.4088221859354462,2.083121210369268,0.019210100173950195,1000,smooth_trend,arima,"{'p': 2, 'd': 0, 'q': 20, 'sigma': 0.45}",-0.6742990244338218
kernel,kernel,naive,34,34338,35115,h,10.0,0.3295577392863548,2.179972962392946,0.03496408462524414,1000,smooth_trend,arima,"{'p': 2, 'd': 0, 'q': 20, 'sigma': 0.45}",-1.8504152231065913
kernel,kernel,block,34,34338,35115,h,320.0,1.7462207883983716,2.29172706274652,0.03480195999145508,1000,smooth_trend,arima,"{'p': 2, 'd': 0, 'q': 20, 'sigma': 0.45}",-0.5455062743481482
kernel,kernel,block_buffered,34,34338,35115,h,320.0,1.7533573750600904,2.857079972838115,0.03268933296203613,1000,smooth_trend,arima,"{'p': 2, 'd': 0, 'q': 20, 'sigma': 0.45}",-1.1037225977780247
kernel,kernel,walk_forward,34,34338,35115,h,320.0,2.075736818364962,2.501815939423349,0.019604921340942383,1000,smooth_trend,arima,"{'p': 2, 'd': 0, 'q': 20, 'sigma': 0.45}",-0.42607912105838697
kernel,kernel,naive,35,35338,36115,h,10.0,0.35874491123244995,1.9926758695543156,0.03594493865966797,1000,smooth_trend,arima,"{'p': 2, 'd': 0, 'q': 20, 'sigma': 0.45}",-1.6339309583218657
kernel,kernel,block,35,35338,36115,h,320.0,2.307869588435828,2.083476364652074,0.034790992736816406,1000,smooth_trend,arima,"{'p': 2, 'd': 0, 'q': 20, 'sigma': 0.45}",0.22439322378375381
kernel,kernel,block_buffered,35,35338,36115,h,320.0,2.336584813174876,2.1296454524901627,0.03302407264709473,1000,smooth_trend,arima,"{'p': 2, 'd': 0, 'q': 20, 'sigma': 0.45}",0.2069393606847134
kernel,kernel,walk_forward,35,35338,36115,h,320.0,1.7561672406705064,1.7498230687300391,0.01938915252685547,1000,smooth_trend,arima,"{'p': 2, 'd': 0, 'q': 20, 'sigma': 0.45}",0.006344171940467325
kernel,kernel,naive,36,36338,37115,h,10.0,0.3617144553294739,1.6714554647758448,0.03588604927062988,1000,smooth_trend,arima,"{'p': 2, 'd': 0, 'q': 20, 'sigma': 0.45}",-1.309741009446371
kernel,kernel,block,36,36338,37115,h,320.0,1.7774410846699848,2.7650542200119115,0.034810781478881836,1000,smooth_trend,arima,"{'p': 2, 'd': 0, 'q': 20, 'sigma': 0.45}",-0.9876131353419266
kernel,kernel,block_buffered,36,36338,37115,h,320.0,1.8422525579066484,2.4407304432954433,0.032932281494140625,1000,smooth_trend,arima,"{'p': 2, 'd': 0, 'q': 20, 'sigma': 0.45}",-0.5984778853887949
kernel,kernel,walk_forward,36,36338,37115,h,181.0344827586207,1.089120492200226,2.7712084918515605,0.019371986389160156,1000,smooth_trend,arima,"{'p': 2, 'd': 0, 'q': 20, 'sigma': 0.45}",-1.6820879996513345
kernel,kernel,naive,37,37338,38115,h,10.0,0.3520720638220605,1.7155779455823759,0.0356447696685791,1000,smooth_trend,arima,"{'p': 2, 'd': 0, 'q': 20, 'sigma': 0.45}",-1.3635058817603154
kernel,kernel,block,37,37338,38115,h,320.0,2.92612902238292,1.591295243894022,0.034774065017700195,1000,smooth_trend,arima,"{'p': 2, 'd': 0, 'q': 20, 'sigma': 0.45}",1.334833778488898
kernel,kernel,block_buffered,37,37338,38115,h,320.0,2.8666659681449183,1.4167736684544934,0.03291177749633789,1000,smooth_trend,arima,"{'p': 2, 'd': 0, 'q': 20, 'sigma': 0.45}",1.4498922996904249
kernel,kernel,walk_forward,37,37338,38115,h,320.0,1.5280632795951865,2.283637364231083,0.019270896911621094,1000,smooth_trend,arima,"{'p': 2, 'd': 0, 'q': 20, 'sigma': 0.45}",-0.7555740846358967
kernel,kernel,naive,38,38338,39115,h,10.0,0.39509989753256874,1.0616703006540402,0.03517603874206543,1000,smooth_trend,arima,"{'p': 2, 'd': 0, 'q': 20, 'sigma': 0.45}",-0.6665704031214714
kernel,kernel,block,38,38338,39115,h,31.379310344827587,1.5984655940816612,1.893755719027574,0.034729957580566406,1000,smooth_trend,arima,"{'p': 2, 'd': 0, 'q': 20, 'sigma': 0.45}",-0.2952901249459128
kernel,kernel,block_buffered,38,38338,39115,h,10.0,2.229759858809309,4.197837032746702,0.032965898513793945,1000,smooth_trend,arima,"{'p': 2, 'd': 0, 'q': 20, 'sigma': 0.45}",-1.968077173937393
kernel,kernel,walk_forward,38,38338,39115,h,320.0,2.6378410695225774,3.134406619172455,0.01869797706604004,1000,smooth_trend,arima,"{'p': 2, 'd': 0, 'q': 20, 'sigma': 0.45}",-0.49656554964987754
kernel,kernel,naive,39,39338,40115,h,10.0,0.3578985797520829,2.227716711789456,0.03635907173156738,1000,smooth_trend,arima,"{'p': 2, 'd': 0, 'q': 20, 'sigma': 0.45}",-1.869818132037373
kernel,kernel,block,39,39338,40115,h,74.13793103448276,1.6875062098316556,2.248146795211838,0.03577613830566406,1000,smooth_trend,arima,"{'p': 2, 'd': 0, 'q': 20, 'sigma': 0.45}",-0.5606405853801824
kernel,kernel,block_buffered,39,39338,40115,h,63.44827586206897,1.4336191145904884,1.8860513328129103,0.03330206871032715,1000,smooth_trend,arima,"{'p': 2, 'd': 0, 'q': 20, 'sigma': 0.45}",-0.45243221822242186
kernel,kernel,walk_forward,39,39338,40115,h,63.44827586206897,1.3073468785494493,2.3074618000006857,0.019377946853637695,1000,smooth_trend,arima,"{'p': 2, 'd': 0, 'q': 20, 'sigma': 0.45}",-1.0001149214512364
kernel,kernel,naive,40,40338,41115,h,10.0,0.3521592346431435,2.479545242377257,0.033854007720947266,1000,smooth_trend,arima,"{'p': 2, 'd': 0, 'q': 20, 'sigma': 0.45}",-2.1273860077341133
kernel,kernel,block,40,40338,41115,h,52.758620689655174,1.223553248285324,2.613263795795018,0.03575611114501953,1000,smooth_trend,arima,"{'p': 2, 'd': 0, 'q': 20, 'sigma': 0.45}",-1.3897105475096942
kernel,kernel,block_buffered,40,40338,41115,h,52.758620689655174,1.3805113426561035,2.8226575506230125,0.033005714416503906,1000,smooth_trend,arima,"{'p': 2, 'd': 0, 'q': 20, 'sigma': 0.45}",-1.442146207966909
kernel,kernel,walk_forward,40,40338,41115,h,74.13793103448276,1.916311316977949,2.2866460757212224,0.019381046295166016,1000,smooth_trend,arima,"{'p': 2, 'd': 0, 'q': 20, 'sigma': 0.45}",-0.37033475874327326
kernel,kernel,naive,41,41338,42115,h,10.0,0.279066344819409,1.6695838458962897,0.03588294982910156,1000,smooth_trend,arima,"{'p': 2, 'd': 0, 'q': 20, 'sigma': 0.45}",-1.3905175010768807
kernel,kernel,block,41,41338,42115,h,320.0,2.42274563063191,2.110953371781001,0.03484296798706055,1000,smooth_trend,arima,"{'p': 2, 'd': 0, 'q': 20, 'sigma': 0.45}",0.3117922588509092
kernel,kernel,block_buffered,41,41338,42115,h,10.0,2.1564389524738483,2.284624536785361,0.033020973205566406,1000,smooth_trend,arima,"{'p': 2, 'd': 0, 'q': 20, 'sigma': 0.45}",-0.12818558431151272
kernel,kernel,walk_forward,41,41338,42115,h,127.58620689655173,1.8263689775102396,2.4065537560759473,0.0193023681640625,1000,smooth_trend,arima,"{'p': 2, 'd': 0, 'q': 20, 'sigma': 0.45}",-0.5801847785657077
kernel,kernel,naive,42,42338,43115,h,10.0,0.40546415925255863,1.7413683885095614,0.03580784797668457,1000,smooth_trend,arima,"{'p': 2, 'd': 0, 'q': 20, 'sigma': 0.45}",-1.335904229257003
kernel,kernel,block,42,42338,43115,h,320.0,2.488511520924098,2.473557279229013,0.03567981719970703,1000,smooth_trend,arima,"{'p': 2, 'd': 0, 'q': 20, 'sigma': 0.45}",0.01495424169508519
kernel,kernel,block_buffered,42,42338,43115,h,320.0,2.3714831162622323,2.436725312239151,0.03319811820983887,1000,smooth_trend,arima,"{'p': 2, 'd': 0, 'q': 20, 'sigma': 0.45}",-0.06524219597691872
kernel,kernel,walk_forward,42,42338,43115,h,320.0,2.246704881353725,2.386070032311262,0.019298076629638672,1000,smooth_trend,arima,"{'p': 2, 'd': 0, 'q': 20, 'sigma': 0.45}",-0.13936515095753688
kernel,kernel,naive,43,43338,44115,h,10.0,0.2871610032274451,1.813591902390641,0.03576183319091797,1000,smooth_trend,arima,"{'p': 2, 'd': 0, 'q': 20, 'sigma': 0.45}",-1.5264308991631959
kernel,kernel,block,43,43338,44115,h,320.0,1.7190669111196097,2.539751454606688,0.03571200370788574,1000,smooth_trend,arima,"{'p': 2, 'd': 0, 'q': 20, 'sigma': 0.45}",-0.8206845434870784
kernel,kernel,block_buffered,43,43338,44115,h,320.0,1.7379127635711324,2.430915879369617,0.03346419334411621,1000,smooth_trend,arima,"{'p': 2, 'd': 0, 'q': 20, 'sigma': 0.45}",-0.6930031157984844
kernel,kernel,walk_forward,43,43338,44115,h,159.6551724137931,1.4760766266567116,2.1177065885927413,0.019163846969604492,1000,smooth_trend,arima,"{'p': 2, 'd': 0, 'q': 20, 'sigma': 0.45}",-0.6416299619360297
kernel,kernel,naive,44,44338,45115,h,10.0,0.3585161021129447,2.3916189816432736,0.03398895263671875,1000,smooth_trend,arima,"{'p': 2, 'd': 0, 'q': 20, 'sigma': 0.45}",-2.033102879530329
kernel,kernel,block,44,44338,45115,h,10.0,1.5758577773924742,2.713260680007589,0.03566884994506836,1000,smooth_trend,arima,"{'p': 2, 'd': 0, 'q': 20, 'sigma': 0.45}",-1.1374029026151147
kernel,kernel,block_buffered,44,44338,45115,h,320.0,1.9089265846414265,2.3988838621205546,0.033026933670043945,1000,smooth_trend,arima,"{'p': 2, 'd': 0, 'q': 20, 'sigma': 0.45}",-0.4899572774791281
kernel,kernel,walk_forward,44,44338,45115,h,31.379310344827587,1.9521528330783442,2.5697874765945863,0.018676280975341797,1000,smooth_trend,arima,"{'p': 2, 'd': 0, 'q': 20, 'sigma': 0.45}",-0.6176346435162421
kernel,kernel,naive,45,45338,46115,h,10.0,0.3872040428517344,1.170201110819131,0.036134958267211914,1000,smooth_trend,arima,"{'p': 2, 'd': 0, 'q': 20, 'sigma': 0.45}",-0.7829970679673967
kernel,kernel,block,45,45338,46115,h,127.58620689655173,1.5645979394547824,2.9248688692702367,0.036131858825683594,1000,smooth_trend,arima,"{'p': 2, 'd': 0, 'q': 20, 'sigma': 0.45}",-1.3602709298154543
kernel,kernel,block_buffered,45,45338,46115,h,127.58620689655173,1.608263070981834,3.3673161926677637,0.03328371047973633,1000,smooth_trend,arima,"{'p': 2, 'd': 0, 'q': 20, 'sigma': 0.45}",-1.7590531216859298
kernel,kernel,walk_forward,45,45338,46115,h,20.689655172413794,1.2527374753257883,2.7790403849493437,0.019228219985961914,1000,smooth_trend,arima,"{'p': 2, 'd': 0, 'q': 20, 'sigma': 0.45}",-1.5263029096235554
kernel,kernel,naive,46,46338,47115,h,10.0,0.3209459819201679,2.812582313547828,0.0349278450012207,1000,smooth_trend,arima,"{'p': 2, 'd': 0, 'q': 20, 'sigma': 0.45}",-2.49163633162766
kernel,kernel,block,46,46338,47115,h,320.0,1.4827963386516931,2.8910956288020833,0.03475308418273926,1000,smooth_trend,arima,"{'p': 2, 'd': 0, 'q': 20, 'sigma': 0.45}",-1.4082992901503901
kernel,kernel,block_buffered,46,46338,47115,h,320.0,1.4831431931147132,3.2303106369985537,0.033226966857910156,1000,smooth_trend,arima,"{'p': 2, 'd': 0, 'q': 20, 'sigma': 0.45}",-1.7471674438838405
kernel,kernel,walk_forward,46,46338,47115,h,116.89655172413794,1.1131833051441467,3.573865759242004,0.01883387565612793,1000,smooth_trend,arima,"{'p': 2, 'd': 0, 'q': 20, 'sigma': 0.45}",-2.4606824540978574
kernel,kernel,naive,47,47338,48115,h,10.0,0.3321978130212189,2.48790916645356,0.03614211082458496,1000,smooth_trend,arima,"{'p': 2, 'd': 0, 'q': 20, 'sigma': 0.45}",-2.155711353432341
kernel,kernel,block,47,47338,48115,h,106.20689655172414,1.818174939691665,2.4992641460127403,0.035804033279418945,1000,smooth_trend,arima,"{'p': 2, 'd': 0, 'q': 20, 'sigma': 0.45}",-0.6810892063210752
kernel,kernel,block_buffered,47,47338,48115,h,10.0,1.6919458196709911,2.583791773354279,0.03324484825134277,1000,smooth_trend,arima,"{'p': 2, 'd': 0, 'q': 20, 'sigma': 0.45}",-0.8918459536832879
kernel,kernel,walk_forward,47,47338,48115,h,20.689655172413794,2.035334807893165,3.598607970963799,0.019016027450561523,1000,smooth_trend,arima,"{'p': 2, 'd': 0, 'q': 20, 'sigma': 0.45}",-1.563273163070634
kernel,kernel,naive,48,48338,49115,h,10.0,0.39250478951655154,2.244148670603453,0.03385806083679199,1000,smooth_trend,arima,"{'p': 2, 'd': 0, 'q': 20, 'sigma': 0.45}",-1.8516438810869014
kernel,kernel,block,48,48338,49115,h,63.44827586206897,1.7817093234295769,2.362546374100277,0.03562617301940918,1000,smooth_trend,arima,"{'p': 2, 'd': 0, 'q': 20, 'sigma': 0.45}",-0.5808370506707001
kernel,kernel,block_buffered,48,48338,49115,h,52.758620689655174,1.845072104905651,2.5486575350573006,0.03346085548400879,1000,smooth_trend,arima,"{'p': 2, 'd': 0, 'q': 20, 'sigma': 0.45}",-0.7035854301516495
kernel,kernel,walk_forward,48,48338,49115,h,320.0,1.34147787193271,1.7981026346275164,0.019157886505126953,1000,smooth_trend,arima,"{'p': 2, 'd': 0, 'q': 20, 'sigma': 0.45}",-0.45662476269480634
kernel,kernel,naive,49,49338,50115,h,10.0,0.2920783162784767,1.6971391001965976,0.0350801944732666,1000,smooth_trend,arima,"{'p': 2, 'd': 0, 'q': 20, 'sigma': 0.45}",-1.4050607839181208
kernel,kernel,block,49,49338,50115,h,84.82758620689656,1.5647655614951397,1.5933273807987665,0.03516197204589844,1000,smooth_trend,arima,"{'p': 2, 'd': 0, 'q': 20, 'sigma': 0.45}",-0.02856181930362678
kernel,kernel,block_buffered,49,49338,50115,h,74.13793103448276,1.6404821575360053,1.4981361403827365,0.03388524055480957,1000,smooth_trend,arima,"{'p': 2, 'd': 0, 'q': 20, 'sigma': 0.45}",0.1423460171532689
kernel,kernel,walk_forward,49,49338,50115,h,84.82758620689656,1.13937468769236,1.7635515629174225,0.019471168518066406,1000,smooth_trend,arima,"{'p': 2, 'd': 0, 'q': 20, 'sigma': 0.45}",-0.6241768752250625
kernel,kernel,naive,50,50338,51115,h,10.0,0.35499470768404323,1.5090508536376384,0.03526616096496582,1000,smooth_trend,arima,"{'p': 2, 'd': 0, 'q': 20, 'sigma': 0.45}",-1.1540561459535952
kernel,kernel,block,50,50338,51115,h,74.13793103448276,1.3191174769050689,1.4120402665049274,0.03490471839904785,1000,smooth_trend,arima,"{'p': 2, 'd': 0, 'q': 20, 'sigma': 0.45}",-0.09292278959985856
kernel,kernel,block_buffered,50,50338,51115,h,95.51724137931035,1.4965569438984232,1.4475320425814666,0.03302121162414551,1000,smooth_trend,arima,"{'p': 2, 'd': 0, 'q': 20, 'sigma': 0.45}",0.04902490131695658
kernel,kernel,walk_forward,50,50338,51115,h,95.51724137931035,1.274075908076816,1.1197938144279986,0.019281864166259766,1000,smooth_trend,arima,"{'p': 2, 'd': 0, 'q': 20, 'sigma': 0.45}",0.1542820936488174
kernel,kernel,naive,51,51338,52115,h,10.0,0.3765545498963972,1.825543594692975,0.03498101234436035,1000,smooth_trend,arima,"{'p': 2, 'd': 0, 'q': 20, 'sigma': 0.45}",-1.4489890447965779
kernel,kernel,block,51,51338,52115,h,320.0,1.1988657328961199,1.628376582410104,0.034844160079956055,1000,smooth_trend,arima,"{'p': 2, 'd': 0, 'q': 20, 'sigma': 0.45}",-0.4295108495139841
kernel,kernel,block_buffered,51,51338,52115,h,116.89655172413794,1.2045854557399929,1.8017157102663162,0.03300213813781738,1000,smooth_trend,arima,"{'p': 2, 'd': 0, 'q': 20, 'sigma': 0.45}",-0.5971302545263233
kernel,kernel,walk_forward,51,51338,52115,h,10.0,1.1853371783445485,1.83051027094392,0.019639968872070312,1000,smooth_trend,arima,"{'p': 2, 'd': 0, 'q': 20, 'sigma': 0.45}",-0.6451730925993715
kernel,kernel,naive,52,52338,53115,h,10.0,0.2595237370364547,2.161525511537227,0.03585696220397949,1000,smooth_trend,arima,"{'p': 2, 'd': 0, 'q': 20, 'sigma': 0.45}",-1.9020017745007722
kernel,kernel,block,52,52338,53115,h,10.0,1.1813800104111187,2.8870811144431237,0.035552024841308594,1000,smooth_trend,arima,"{'p': 2, 'd': 0, 'q': 20, 'sigma': 0.45}",-1.705701104032005
kernel,kernel,block_buffered,52,52338,53115,h,20.689655172413794,1.093533739154548,2.7989302176866615,0.03336215019226074,1000,smooth_trend,arima,"{'p': 2, 'd': 0, 'q': 20, 'sigma': 0.45}",-1.7053964785321134
kernel,kernel,walk_forward,52,52338,53115,h,84.82758620689656,0.9158067672556509,2.992400629471752,0.0192410945892334,1000,smooth_trend,arima,"{'p': 2, 'd': 0, 'q': 20, 'sigma': 0.45}",-2.076593862216101
kernel,kernel,naive,53,53338,54115,h,10.0,0.3281728371621366,1.8702514576408986,0.035756826400756836,1000,smooth_trend,arima,"{'p': 2, 'd': 0, 'q': 20, 'sigma': 0.45}",-1.542078620478762
kernel,kernel,block,53,53338,54115,h,148.9655172413793,1.278096904518065,2.0964889981330512,0.035604238510131836,1000,smooth_trend,arima,"{'p': 2, 'd': 0, 'q': 20, 'sigma': 0.45}",-0.8183920936149862
kernel,kernel,block_buffered,53,53338,54115,h,127.58620689655173,1.2599319133043576,1.730270414477753,0.03328084945678711,1000,smooth_trend,arima,"{'p': 2, 'd': 0, 'q': 20, 'sigma': 0.45}",-0.4703385011733954
kernel,kernel,walk_forward,53,53338,54115,h,95.51724137931035,0.8071221272455188,1.8830901689904984,0.019347190856933594,1000,smooth_trend,arima,"{'p': 2, 'd': 0, 'q': 20, 'sigma': 0.45}",-1.0759680417449795
kernel,kernel,naive,54,54338,55115,h,10.0,0.3610801131286492,2.3581894531800756,0.03507089614868164,1000,smooth_trend,arima,"{'p': 2, 'd': 0, 'q': 20, 'sigma': 0.45}",-1.9971093400514264
kernel,kernel,block,54,54338,55115,h,52.758620689655174,1.5849675506756615,2.9383974553791243,0.035875797271728516,1000,smooth_trend,arima,"{'p': 2, 'd': 0, 'q': 20, 'sigma': 0.45}",-1.3534299047034628
kernel,kernel,block_buffered,54,54338,55115,h,320.0,1.8347619736504757,3.0175668516313072,0.0331110954284668,1000,smooth_trend,arima,"{'p': 2, 'd': 0, 'q': 20, 'sigma': 0.45}",-1.1828048779808316
kernel,kernel,walk_forward,54,54338,55115,h,320.0,1.9730186136470838,3.0276532843968496,0.019309043884277344,1000,smooth_trend,arima,"{'p': 2, 'd': 0, 'q': 20, 'sigma': 0.45}",-1.0546346707497658
kernel,kernel,naive,55,55338,56115,h,10.0,0.37005347687391593,1.0098728453733563,0.03501319885253906,1000,smooth_trend,arima,"{'p': 2, 'd': 0, 'q': 20, 'sigma': 0.45}",-0.6398193684994404
kernel,kernel,block,55,55338,56115,h,74.13793103448276,1.5958626815654604,1.9654753522619388,0.034864187240600586,1000,smooth_trend,arima,"{'p': 2, 'd': 0, 'q': 20, 'sigma': 0.45}",-0.3696126706964784
kernel,kernel,block_buffered,55,55338,56115,h,52.758620689655174,1.7786200686338283,2.5674293720379326,0.03317713737487793,1000,smooth_trend,arima,"{'p': 2, 'd': 0, 'q': 20, 'sigma': 0.45}",-0.7888093034041044
kernel,kernel,walk_forward,55,55338,56115,h,52.758620689655174,1.2587100307630659,2.40067016704481,0.019119977951049805,1000,smooth_trend,arima,"{'p': 2, 'd': 0, 'q': 20, 'sigma': 0.45}",-1.141960136281744
kernel,kernel,naive,56,56338,57115,h,10.0,0.40958468620465,3.452484083902737,0.03575396537780762,1000,smooth_trend,arima,"{'p': 2, 'd': 0, 'q': 20, 'sigma': 0.45}",-3.0428993976980867
kernel,kernel,block,56,56338,57115,h,63.44827586206897,1.770590631127531,2.8257450427714232,0.03478813171386719,1000,smooth_trend,arima,"{'p': 2, 'd': 0, 'q': 20, 'sigma': 0.45}",-1.0551544116438922
kernel,kernel,block_buffered,56,56338,57115,h,20.689655172413794,1.594051808059107,3.37620397108928,0.032930850982666016,1000,smooth_trend,arima,"{'p': 2, 'd': 0, 'q': 20, 'sigma': 0.45}",-1.7821521630301729
kernel,kernel,walk_forward,56,56338,57115,h,138.27586206896552,1.6761456428341301,3.779791616940668,0.01872396469116211,1000,smooth_trend,arima,"{'p': 2, 'd': 0, 'q': 20, 'sigma': 0.45}",-2.103645974106538
kernel,kernel,naive,57,57338,58115,h,10.0,0.38628227290563893,2.6141490516613155,0.03616166114807129,1000,smooth_trend,arima,"{'p': 2, 'd': 0, 'q': 20, 'sigma': 0.45}",-2.2278667787556765
kernel,kernel,block,57,57338,58115,h,74.13793103448276,1.5946139576570608,2.508176675872479,0.03561902046203613,1000,smooth_trend,arima,"{'p': 2, 'd': 0, 'q': 20, 'sigma': 0.45}",-0.9135627182154182
kernel,kernel,block_buffered,57,57338,58115,h,320.0,1.6968738861047978,3.2403223818594085,0.03314495086669922,1000,smooth_trend,arima,"{'p': 2, 'd': 0, 'q': 20, 'sigma': 0.45}",-1.5434484957546106
kernel,kernel,walk_forward,57,57338,58115,h,52.758620689655174,0.8616682247886424,2.8237619195553814,0.019154071807861328,1000,smooth_trend,arima,"{'p': 2, 'd': 0, 'q': 20, 'sigma': 0.45}",-1.9620936947667391
kernel,kernel,naive,58,58338,59115,h,10.0,0.35640458223892196,2.883606651327298,0.036093950271606445,1000,smooth_trend,arima,"{'p': 2, 'd': 0, 'q': 20, 'sigma': 0.45}",-2.5272020690883763
kernel,kernel,block,58,58338,59115,h,42.06896551724138,1.2662079703556564,3.5405468614552746,0.03493475914001465,1000,smooth_trend,arima,"{'p': 2, 'd': 0, 'q': 20, 'sigma': 0.45}",-2.2743388910996183
kernel,kernel,block_buffered,58,58338,59115,h,106.20689655172414,1.43802392507081,3.619848570865448,0.03326988220214844,1000,smooth_trend,arima,"{'p': 2, 'd': 0, 'q': 20, 'sigma': 0.45}",-2.181824645794638
kernel,kernel,walk_forward,58,58338,59115,h,42.06896551724138,1.4706532381544097,2.802661929385322,0.01919412612915039,1000,smooth_trend,arima,"{'p': 2, 'd': 0, 'q': 20, 'sigma': 0.45}",-1.3320086912309124
kernel,kernel,naive,59,59338,60115,h,10.0,0.33592407401901314,2.3352545672089278,0.035894155502319336,1000,smooth_trend,arima,"{'p': 2, 'd': 0, 'q': 20, 'sigma': 0.45}",-1.9993304931899147
kernel,kernel,block,59,59338,60115,h,84.82758620689656,2.144318203454141,2.3678892577112145,0.035653114318847656,1000,smooth_trend,arima,"{'p': 2, 'd': 0, 'q': 20, 'sigma': 0.45}",-0.2235710542570737
kernel,kernel,block_buffered,59,59338,60115,h,320.0,2.4800352506693484,3.197063267157394,0.033325910568237305,1000,smooth_trend,arima,"{'p': 2, 'd': 0, 'q': 20, 'sigma': 0.45}",-0.7170280164880456
kernel,kernel,walk_forward,59,59338,60115,h,10.0,1.961382988179192,2.34343228498316,0.01901078224182129,1000,smooth_trend,arima,"{'p': 2, 'd': 0, 'q': 20, 'sigma': 0.45}",-0.38204929680396815
kernel,kernel,naive,60,60338,61115,h,10.0,0.416061691040713,1.5165172985397222,0.03609013557434082,1000,smooth_trend,arima,"{'p': 2, 'd': 0, 'q': 20, 'sigma': 0.45}",-1.100455607499009
kernel,kernel,block,60,60338,61115,h,320.0,1.9802497151471292,2.667343165688259,0.03555583953857422,1000,smooth_trend,arima,"{'p': 2, 'd': 0, 'q': 20, 'sigma': 0.45}",-0.6870934505411297
kernel,kernel,block_buffered,60,60338,61115,h,320.0,1.9427363985544541,2.628847071466408,0.032250165939331055,1000,smooth_trend,arima,"{'p': 2, 'd': 0, 'q': 20, 'sigma': 0.45}",-0.6861106729119537
kernel,kernel,walk_forward,60,60338,61115,h,320.0,2.568708625816269,3.3395793955576836,0.01906895637512207,1000,smooth_trend,arima,"{'p': 2, 'd': 0, 'q': 20, 'sigma': 0.45}",-0.7708707697414146
kernel,kernel,naive,61,61338,62115,h,10.0,0.3294152819630841,2.3111620425453756,0.035436153411865234,1000,smooth_trend,arima,"{'p': 2, 'd': 0, 'q': 20, 'sigma': 0.45}",-1.9817467605822916
kernel,kernel,block,61,61338,62115,h,266.55172413793105,1.1896550316988606,2.5386844204544223,0.035994768142700195,1000,smooth_trend,arima,"{'p': 2, 'd': 0, 'q': 20, 'sigma': 0.45}",-1.3490293887555618
kernel,kernel,block_buffered,61,61338,62115,h,63.44827586206897,1.0758997328068916,2.4930466747229274,0.03295588493347168,1000,smooth_trend,arima,"{'p': 2, 'd': 0, 'q': 20, 'sigma': 0.45}",-1.4171469419160359
kernel,kernel,walk_forward,61,61338,62115,h,170.34482758620692,1.223387504420299,2.4817473196898483,0.018717050552368164,1000,smooth_trend,arima,"{'p': 2, 'd': 0, 'q': 20, 'sigma': 0.45}",-1.2583598152695492
kernel,kernel,naive,62,62338,63115,h,10.0,0.3775442920053174,1.146263492619627,0.03594684600830078,1000,smooth_trend,arima,"{'p': 2, 'd': 0, 'q': 20, 'sigma': 0.45}",-0.7687192006143095
kernel,kernel,block,62,62338,63115,h,95.51724137931035,1.528161518469132,1.8727884747668682,0.03617525100708008,1000,smooth_trend,arima,"{'p': 2, 'd': 0, 'q': 20, 'sigma': 0.45}",-0.3446269562977362
kernel,kernel,block_buffered,62,62338,63115,h,84.82758620689656,1.6486632633214326,2.1175392066577072,0.033120155334472656,1000,smooth_trend,arima,"{'p': 2, 'd': 0, 'q': 20, 'sigma': 0.45}",-0.4688759433362746
kernel,kernel,walk_forward,62,62338,63115,h,52.758620689655174,1.6083536973453434,2.055787308050449,0.01928400993347168,1000,smooth_trend,arima,"{'p': 2, 'd': 0, 'q': 20, 'sigma': 0.45}",-0.4474336107051058
kernel,kernel,naive,63,63338,64115,h,10.0,0.40957909857498087,1.386929937864459,0.036108970642089844,1000,smooth_trend,arima,"{'p': 2, 'd': 0, 'q': 20, 'sigma': 0.45}",-0.9773508392894782
kernel,kernel,block,63,63338,64115,h,320.0,2.2223319991966517,2.2707544371933635,0.033659934997558594,1000,smooth_trend,arima,"{'p': 2, 'd': 0, 'q': 20, 'sigma': 0.45}",-0.048422437996711754
kernel,kernel,block_buffered,63,63338,64115,h,320.0,2.202388620327098,2.250694701724862,0.03268289566040039,1000,smooth_trend,arima,"{'p': 2, 'd': 0, 'q': 20, 'sigma': 0.45}",-0.04830608139776382
kernel,kernel,walk_forward,63,63338,64115,h,170.34482758620692,1.760069194346741,1.793324892749259,0.019299030303955078,1000,smooth_trend,arima,"{'p': 2, 'd': 0, 'q': 20, 'sigma': 0.45}",-0.033255698402518075
kernel,kernel,naive,64,64338,65115,h,10.0,0.3637787887467858,0.8799392991751379,0.03585219383239746,1000,smooth_trend,arima,"{'p': 2, 'd': 0, 'q': 20, 'sigma': 0.45}",-0.5161605104283521
kernel,kernel,block,64,64338,65115,h,42.06896551724138,1.4914178926385215,2.1830519332686955,0.03571796417236328,1000,smooth_trend,arima,"{'p': 2, 'd': 0, 'q': 20, 'sigma': 0.45}",-0.691634040630174
kernel,kernel,block_buffered,64,64338,65115,h,10.0,1.5453107855412878,3.244261863293547,0.032894134521484375,1000,smooth_trend,arima,"{'p': 2, 'd': 0, 'q': 20, 'sigma': 0.45}",-1.6989510777522594
kernel,kernel,walk_forward,64,64338,65115,h,320.0,1.4753027082669405,1.8392295055422199,0.019443035125732422,1000,smooth_trend,arima,"{'p': 2, 'd': 0, 'q': 20, 'sigma': 0.45}",-0.3639267972752793
kernel,kernel,naive,65,65338,66115,h,10.0,0.37193533209517315,1.867409808072766,0.03582119941711426,1000,smooth_trend,arima,"{'p': 2, 'd': 0, 'q': 20, 'sigma': 0.45}",-1.4954744759775926
kernel,kernel,block,65,65338,66115,h,84.82758620689656,1.1603894814739477,1.662825940560912,0.0363461971282959,1000,smooth_trend,arima,"{'p': 2, 'd': 0, 'q': 20, 'sigma': 0.45}",-0.5024364590869643
kernel,kernel,block_buffered,65,65338,66115,h,74.13793103448276,1.2213303417991086,1.9570629619292412,0.03304004669189453,1000,smooth_trend,arima,"{'p': 2, 'd': 0, 'q': 20, 'sigma': 0.45}",-0.7357326201301326
kernel,kernel,walk_forward,65,65338,66115,h,116.89655172413794,1.5992249527433806,1.6610476102460026,0.01914191246032715,1000,smooth_trend,arima,"{'p': 2, 'd': 0, 'q': 20, 'sigma': 0.45}",-0.06182265750262195
kernel,kernel,naive,66,66338,67115,h,10.0,0.3547257304829405,1.5242789709281754,0.035881996154785156,1000,smooth_trend,arima,"{'p': 2, 'd': 0, 'q': 20, 'sigma': 0.45}",-1.169553240445235
kernel,kernel,block,66,66338,67115,h,10.0,1.8806708170406303,1.3936597813664278,0.03554511070251465,1000,smooth_trend,arima,"{'p': 2, 'd': 0, 'q': 20, 'sigma': 0.45}",0.48701103567420256
kernel,kernel,block_buffered,66,66338,67115,h,10.0,2.0472515953547674,1.6451098340307617,0.033431053161621094,1000,smooth_trend,arima,"{'p': 2, 'd': 0, 'q': 20, 'sigma': 0.45}",0.4021417613240057
kernel,kernel,walk_forward,66,66338,67115,h,320.0,0.9931499529968825,1.5382957108209045,0.018836021423339844,1000,smooth_trend,arima,"{'p': 2, 'd': 0, 'q': 20, 'sigma': 0.45}",-0.5451457578240221
kernel,kernel,naive,67,67338,68115,h,10.0,0.3242686775447404,0.9874257617613835,0.035858869552612305,1000,smooth_trend,arima,"{'p': 2, 'd': 0, 'q': 20, 'sigma': 0.45}",-0.6631570842166431
kernel,kernel,block,67,67338,68115,h,95.51724137931035,1.7362371819987292,1.3079821520874413,0.03566098213195801,1000,smooth_trend,arima,"{'p': 2, 'd': 0, 'q': 20, 'sigma': 0.45}",0.42825502991128794
kernel,kernel,block_buffered,67,67338,68115,h,10.0,1.5893869101054683,1.8248955206975104,0.033384084701538086,1000,smooth_trend,arima,"{'p': 2, 'd': 0, 'q': 20, 'sigma': 0.45}",-0.2355086105920421
kernel,kernel,walk_forward,67,67338,68115,h,10.0,1.1984418892861053,1.3450689516952463,0.019488096237182617,1000,smooth_trend,arima,"{'p': 2, 'd': 0, 'q': 20, 'sigma': 0.45}",-0.14662706240914103
kernel,kernel,naive,68,68338,69115,h,10.0,0.3332195241934177,2.0764338717526782,0.035835981369018555,1000,smooth_trend,arima,"{'p': 2, 'd': 0, 'q': 20, 'sigma': 0.45}",-1.7432143475592605
kernel,kernel,block,68,68338,69115,h,148.9655172413793,1.423419089546059,4.203131258898702,0.03561878204345703,1000,smooth_trend,arima,"{'p': 2, 'd': 0, 'q': 20, 'sigma': 0.45}",-2.7797121693526434
kernel,kernel,block_buffered,68,68338,69115,h,42.06896551724138,1.4240650088622688,3.5617052155862465,0.03344392776489258,1000,smooth_trend,arima,"{'p': 2, 'd': 0, 'q': 20, 'sigma': 0.45}",-2.1376402067239777
kernel,kernel,walk_forward,68,68338,69115,h,170.34482758620692,1.4145260217131472,3.5252385235524564,0.01924300193786621,1000,smooth_trend,arima,"{'p': 2, 'd': 0, 'q': 20, 'sigma': 0.45}",-2.110712501839309
kernel,kernel,naive,69,69338,70115,h,10.0,0.3138976031698046,1.5777386055707052,0.033814191818237305,1000,smooth_trend,arima,"{'p': 2, 'd': 0, 'q': 20, 'sigma': 0.45}",-1.2638410024009006
kernel,kernel,block,69,69338,70115,h,320.0,1.916269940514109,1.8057885618204108,0.03419804573059082,1000,smooth_trend,arima,"{'p': 2, 'd': 0, 'q': 20, 'sigma': 0.45}",0.11048137869369823
kernel,kernel,block_buffered,69,69338,70115,h,320.0,1.865089318840766,1.775443538878315,0.03320908546447754,1000,smooth_trend,arima,"{'p': 2, 'd': 0, 'q': 20, 'sigma': 0.45}",0.08964577996245104
kernel,kernel,walk_forward,69,69338,70115,h,138.27586206896552,1.2343811994531462,2.1912711594846686,0.019409894943237305,1000,smooth_trend,arima,"{'p': 2, 'd': 0, 'q': 20, 'sigma': 0.45}",-0.9568899600315224
kernel,kernel,naive,70,70338,71115,h,10.0,0.33935915102154945,1.51431017230299,0.03573417663574219,1000,smooth_trend,arima,"{'p': 2, 'd': 0, 'q': 20, 'sigma': 0.45}",-1.1749510212814405
kernel,kernel,block,70,70338,71115,h,10.0,1.8178930767232966,1.6225837894330801,0.03575277328491211,1000,smooth_trend,arima,"{'p': 2, 'd': 0, 'q': 20, 'sigma': 0.45}",0.19530928729021646
kernel,kernel,block_buffered,70,70338,71115,h,10.0,1.9250696337154287,1.4785803485993518,0.033303022384643555,1000,smooth_trend,arima,"{'p': 2, 'd': 0, 'q': 20, 'sigma': 0.45}",0.4464892851160769
kernel,kernel,walk_forward,70,70338,71115,h,20.689655172413794,1.0549867478120838,1.7137459882268877,0.019230127334594727,1000,smooth_trend,arima,"{'p': 2, 'd': 0, 'q': 20, 'sigma': 0.45}",-0.6587592404148039
kernel,kernel,naive,71,71338,72115,h,10.0,0.2816439765809652,1.7017271466219683,0.03572702407836914,1000,smooth_trend,arima,"{'p': 2, 'd': 0, 'q': 20, 'sigma': 0.45}",-1.420083170041003
kernel,kernel,block,71,71338,72115,h,116.89655172413794,1.1146465561450571,2.059581207423324,0.03545236587524414,1000,smooth_trend,arima,"{'p': 2, 'd': 0, 'q': 20, 'sigma': 0.45}",-0.9449346512782668
kernel,kernel,block_buffered,71,71338,72115,h,116.89655172413794,1.0969673319946733,2.2485481370021017,0.033329010009765625,1000,smooth_trend,arima,"{'p': 2, 'd': 0, 'q': 20, 'sigma': 0.45}",-1.1515808050074283
kernel,kernel,walk_forward,71,71338,72115,h,52.758620689655174,1.2443794157804924,1.7322608901954268,0.019299983978271484,1000,smooth_trend,arima,"{'p': 2, 'd': 0, 'q': 20, 'sigma': 0.45}",-0.48788147441493446
kernel,kernel,naive,72,72338,73115,h,10.0,0.4054717766821566,3.334575352878295,0.03596210479736328,1000,smooth_trend,arima,"{'p': 2, 'd': 0, 'q': 20, 'sigma': 0.45}",-2.9291035761961384
kernel,kernel,block,72,72338,73115,h,74.13793103448276,1.3066556699711274,3.2664744632462024,0.035639047622680664,1000,smooth_trend,arima,"{'p': 2, 'd': 0, 'q': 20, 'sigma': 0.45}",-1.959818793275075
kernel,kernel,block_buffered,72,72338,73115,h,106.20689655172414,1.9000186532795678,2.8275614148280437,0.03291678428649902,1000,smooth_trend,arima,"{'p': 2, 'd': 0, 'q': 20, 'sigma': 0.45}",-0.9275427615484759
kernel,kernel,walk_forward,72,72338,73115,h,63.44827586206897,1.2723170216511555,3.33646236743089,0.019281864166259766,1000,smooth_trend,arima,"{'p': 2, 'd': 0, 'q': 20, 'sigma': 0.45}",-2.0641453457797345
kernel,kernel,naive,73,73338,74115,h,10.0,0.3048357103763383,1.0153560084218467,0.03524303436279297,1000,smooth_trend,arima,"{'p': 2, 'd': 0, 'q': 20, 'sigma': 0.45}",-0.7105202980455084
kernel,kernel,block,73,73338,74115,h,63.44827586206897,0.9204207663477575,1.543629439556087,0.035643815994262695,1000,smooth_trend,arima,"{'p': 2, 'd': 0, 'q': 20, 'sigma': 0.45}",-0.6232086732083295
kernel,kernel,block_buffered,73,73338,74115,h,20.689655172413794,0.9310597740513666,1.9061994705909655,0.03330278396606445,1000,smooth_trend,arima,"{'p': 2, 'd': 0, 'q': 20, 'sigma': 0.45}",-0.9751396965395989
kernel,kernel,walk_forward,73,73338,74115,h,95.51724137931035,1.1200156288141372,1.6252940012697685,0.019199848175048828,1000,smooth_trend,arima,"{'p': 2, 'd': 0, 'q': 20, 'sigma': 0.45}",-0.5052783724556313
kernel,kernel,naive,74,74338,75115,h,10.0,0.4187195394223375,1.8760804091701935,0.03506898880004883,1000,smooth_trend,arima,"{'p': 2, 'd': 0, 'q': 20, 'sigma': 0.45}",-1.457360869747856
kernel,kernel,block,74,74338,75115,h,320.0,1.8606634853956225,1.8687568119374318,0.0358121395111084,1000,smooth_trend,arima,"{'p': 2, 'd': 0, 'q': 20, 'sigma': 0.45}",-0.008093326541809276
kernel,kernel,block_buffered,74,74338,75115,h,320.0,1.792497865260589,1.9922236038547134,0.03294205665588379,1000,smooth_trend,arima,"{'p': 2, 'd': 0, 'q': 20, 'sigma': 0.45}",-0.19972573859412446
kernel,kernel,walk_forward,74,74338,75115,h,320.0,1.5023503372334066,2.498468623210314,0.01922011375427246,1000,smooth_trend,arima,"{'p': 2, 'd': 0, 'q': 20, 'sigma': 0.45}",-0.9961182859769073
kernel,kernel,naive,75,75338,76115,h,10.0,0.3670169342199766,1.3926215436242515,0.035089969635009766,1000,smooth_trend,arima,"{'p': 2, 'd': 0, 'q': 20, 'sigma': 0.45}",-1.025604609404275
kernel,kernel,block,75,75338,76115,h,42.06896551724138,1.6664909945060402,1.9167484997886675,0.03480696678161621,1000,smooth_trend,arima,"{'p': 2, 'd': 0, 'q': 20, 'sigma': 0.45}",-0.25025750528262725
kernel,kernel,block_buffered,75,75338,76115,h,20.689655172413794,1.6818182175499292,2.064631168825314,0.03293204307556152,1000,smooth_trend,arima,"{'p': 2, 'd': 0, 'q': 20, 'sigma': 0.45}",-0.38281295127538484
kernel,kernel,walk_forward,75,75338,76115,h,10.0,0.8984543996004372,2.2752857243168783,0.01923084259033203,1000,smooth_trend,arima,"{'p': 2, 'd': 0, 'q': 20, 'sigma': 0.45}",-1.376831324716441
kernel,kernel,naive,76,76338,77115,h,10.0,0.3266098161889043,2.150413702289196,0.03546404838562012,1000,smooth_trend,arima,"{'p': 2, 'd': 0, 'q': 20, 'sigma': 0.45}",-1.8238038861002916
kernel,kernel,block,76,76338,77115,h,320.0,1.572227634885446,2.5750814698818627,0.03562808036804199,1000,smooth_trend,arima,"{'p': 2, 'd': 0, 'q': 20, 'sigma': 0.45}",-1.0028538349964167
kernel,kernel,block_buffered,76,76338,77115,h,320.0,1.582007316323797,2.927265028312983,0.033136844635009766,1000,smooth_trend,arima,"{'p': 2, 'd': 0, 'q': 20, 'sigma': 0.45}",-1.3452577119891858
kernel,kernel,walk_forward,76,76338,77115,h,127.58620689655173,1.1146404719993321,3.0361897045130224,0.019198894500732422,1000,smooth_trend,arima,"{'p': 2, 'd': 0, 'q': 20, 'sigma': 0.45}",-1.9215492325136903
kernel,kernel,naive,77,77338,78115,h,10.0,0.3319710154441767,1.3870489771145178,0.035945892333984375,1000,smooth_trend,arima,"{'p': 2, 'd': 0, 'q': 20, 'sigma': 0.45}",-1.0550779616703412
kernel,kernel,block,77,77338,78115,h,52.758620689655174,1.4991594131249992,2.560294804639054,0.035314083099365234,1000,smooth_trend,arima,"{'p': 2, 'd': 0, 'q': 20, 'sigma': 0.45}",-1.0611353915140547
kernel,kernel,block_buffered,77,77338,78115,h,234.48275862068965,1.9023768041555875,1.8463369164924246,0.0329132080078125,1000,smooth_trend,arima,"{'p': 2, 'd': 0, 'q': 20, 'sigma': 0.45}",0.056039887663162924
kernel,kernel,walk_forward,77,77338,78115,h,106.20689655172414,1.4842694683622246,2.0582422270042735,0.019183874130249023,1000,smooth_trend,arima,"{'p': 2, 'd': 0, 'q': 20, 'sigma': 0.45}",-0.5739727586420489
kernel,kernel,naive,78,78338,79115,h,10.0,0.30645567667154217,1.3756994553856128,0.0354609489440918,1000,smooth_trend,arima,"{'p': 2, 'd': 0, 'q': 20, 'sigma': 0.45}",-1.0692437787140707
kernel,kernel,block,78,78338,79115,h,255.86206896551727,0.8007018889046311,1.9456992802373538,0.03567004203796387,1000,smooth_trend,arima,"{'p': 2, 'd': 0, 'q': 20, 'sigma': 0.45}",-1.1449973913327227
kernel,kernel,block_buffered,78,78338,79115,h,320.0,0.8173635420563677,2.5901351176213083,0.032929182052612305,1000,smooth_trend,arima,"{'p': 2, 'd': 0, 'q': 20, 'sigma': 0.45}",-1.7727715755649407
kernel,kernel,walk_forward,78,78338,79115,h,20.689655172413794,0.7732739347100198,1.9366352255848809,0.01882195472717285,1000,smooth_trend,arima,"{'p': 2, 'd': 0, 'q': 20, 'sigma': 0.45}",-1.1633612908748612
kernel,kernel,naive,79,79338,80115,h,10.0,0.373742639953129,1.2142802486820545,0.03641510009765625,1000,smooth_trend,arima,"{'p': 2, 'd': 0, 'q': 20, 'sigma': 0.45}",-0.8405376087289256
kernel,kernel,block,79,79338,80115,h,106.20689655172414,1.4438140129797241,1.3572769635588648,0.035607099533081055,1000,smooth_trend,arima,"{'p': 2, 'd': 0, 'q': 20, 'sigma': 0.45}",0.08653704942085927
kernel,kernel,block_buffered,79,79338,80115,h,320.0,1.5630542913937273,1.29379695477528,0.033004045486450195,1000,smooth_trend,arima,"{'p': 2, 'd': 0, 'q': 20, 'sigma': 0.45}",0.2692573366184474
kernel,kernel,walk_forward,79,79338,80115,h,74.13793103448276,1.382513822862057,1.367961491735608,0.019203901290893555,1000,smooth_trend,arima,"{'p': 2, 'd': 0, 'q': 20, 'sigma': 0.45}",0.014552331126449047
kernel,kernel,naive,80,80338,81115,h,10.0,0.34042585014666993,1.8747422913663434,0.03600311279296875,1000,smooth_trend,arima,"{'p': 2, 'd': 0, 'q': 20, 'sigma': 0.45}",-1.5343164412196735
kernel,kernel,block,80,80338,81115,h,10.0,1.5401592398164334,1.9540393452016303,0.03596019744873047,1000,smooth_trend,arima,"{'p': 2, 'd': 0, 'q': 20, 'sigma': 0.45}",-0.4138801053851968
kernel,kernel,block_buffered,80,80338,81115,h,320.0,1.7244749112128706,2.2052423420430545,0.033402204513549805,1000,smooth_trend,arima,"{'p': 2, 'd': 0, 'q': 20, 'sigma': 0.45}",-0.4807674308301839
kernel,kernel,walk_forward,80,80338,81115,h,320.0,1.2548905780353887,2.205789296099504,0.018951892852783203,1000,smooth_trend,arima,"{'p': 2, 'd': 0, 'q': 20, 'sigma': 0.45}",-0.9508987180641151
kernel,kernel,naive,81,81338,82115,h,10.0,0.37710336736937183,1.2421760827834776,0.03558707237243652,1000,smooth_trend,arima,"{'p': 2, 'd': 0, 'q': 20, 'sigma': 0.45}",-0.8650727154141058
kernel,kernel,block,81,81338,82115,h,320.0,1.8229555160324427,2.0045789863297903,0.0353851318359375,1000,smooth_trend,arima,"{'p': 2, 'd': 0, 'q': 20, 'sigma': 0.45}",-0.1816234702973476
kernel,kernel,block_buffered,81,81338,82115,h,320.0,1.8370456509183484,1.9400243556803276,0.03314924240112305,1000,smooth_trend,arima,"{'p': 2, 'd': 0, 'q': 20, 'sigma': 0.45}",-0.10297870476197923
kernel,kernel,walk_forward,81,81338,82115,h,234.48275862068965,1.7038127040858486,1.6864288382492223,0.01923513412475586,1000,smooth_trend,arima,"{'p': 2, 'd': 0, 'q': 20, 'sigma': 0.45}",0.017383865836626322
kernel,kernel,naive,82,82338,83115,h,10.0,0.335613766333163,1.7674943465084407,0.03570199012756348,1000,smooth_trend,arima,"{'p': 2, 'd': 0, 'q': 20, 'sigma': 0.45}",-1.4318805801752776
kernel,kernel,block,82,82338,83115,h,309.3103448275862,2.84206980206,1.8735805018661735,0.0357210636138916,1000,smooth_trend,arima,"{'p': 2, 'd': 0, 'q': 20, 'sigma': 0.45}",0.9684893001938266
kernel,kernel,block_buffered,82,82338,83115,h,10.0,2.6109485183713295,1.7951524241740873,0.03333091735839844,1000,smooth_trend,arima,"{'p': 2, 'd': 0, 'q': 20, 'sigma': 0.45}",0.8157960941972422
kernel,kernel,walk_forward,82,82338,83115,h,52.758620689655174,2.038577766503765,1.5766837398197233,0.01927495002746582,1000,smooth_trend,arima,"{'p': 2, 'd': 0, 'q': 20, 'sigma': 0.45}",0.46189402668404167
kernel,kernel,naive,83,83338,84115,h,10.0,0.3427203726548008,1.7164262529659908,0.03520989418029785,1000,smooth_trend,arima,"{'p': 2, 'd': 0, 'q': 20, 'sigma': 0.45}",-1.37370588031119
kernel,kernel,block,83,83338,84115,h,320.0,1.950102671345102,2.7395906162062467,0.03557395935058594,1000,smooth_trend,arima,"{'p': 2, 'd': 0, 'q': 20, 'sigma': 0.45}",-0.7894879448611447
kernel,kernel,block_buffered,83,83338,84115,h,10.0,1.9637116288673588,2.8476952265861124,0.0329442024230957,1000,smooth_trend,arima,"{'p': 2, 'd': 0, 'q': 20, 'sigma': 0.45}",-0.8839835977187536
kernel,kernel,walk_forward,83,83338,84115,h,320.0,2.5740258864462215,2.970120020857232,0.019237041473388672,1000,smooth_trend,arima,"{'p': 2, 'd': 0, 'q': 20, 'sigma': 0.45}",-0.3960941344110105
kernel,kernel,naive,84,84338,85115,h,10.0,0.3654836618864336,1.3065221015955195,0.03604698181152344,1000,smooth_trend,arima,"{'p': 2, 'd': 0, 'q': 20, 'sigma': 0.45}",-0.9410384397090858
kernel,kernel,block,84,84338,85115,h,320.0,1.8348168157924836,2.1938236378230678,0.035523176193237305,1000,smooth_trend,arima,"{'p': 2, 'd': 0, 'q': 20, 'sigma': 0.45}",-0.3590068220305842
kernel,kernel,block_buffered,84,84338,85115,h,320.0,1.8467017753378592,2.364981130313229,0.03330397605895996,1000,smooth_trend,arima,"{'p': 2, 'd': 0, 'q': 20, 'sigma': 0.45}",-0.5182793549753697
kernel,kernel,walk_forward,84,84338,85115,h,320.0,2.2087567604598353,2.0367244012736596,0.01930713653564453,1000,smooth_trend,arima,"{'p': 2, 'd': 0, 'q': 20, 'sigma': 0.45}",0.17203235918617565
kernel,kernel,naive,85,85338,86115,h,10.0,0.3662428302647209,2.0405428021011622,0.035861968994140625,1000,smooth_trend,arima,"{'p': 2, 'd': 0, 'q': 20, 'sigma': 0.45}",-1.6742999718364413
kernel,kernel,block,85,85338,86115,h,213.1034482758621,1.32994793517673,2.07408363375554,0.035794734954833984,1000,smooth_trend,arima,"{'p': 2, 'd': 0, 'q': 20, 'sigma': 0.45}",-0.7441356985788099
kernel,kernel,block_buffered,85,85338,86115,h,127.58620689655173,1.2851837382102347,2.3759343677140468,0.032961130142211914,1000,smooth_trend,arima,"{'p': 2, 'd': 0, 'q': 20, 'sigma': 0.45}",-1.090750629503812
kernel,kernel,walk_forward,85,85338,86115,h,95.51724137931035,0.9909252037319173,2.444071404034622,0.01891303062438965,1000,smooth_trend,arima,"{'p': 2, 'd': 0, 'q': 20, 'sigma': 0.45}",-1.4531462003027045
kernel,kernel,naive,86,86338,87115,h,10.0,0.3289667901587859,1.666532242388684,0.036051034927368164,1000,smooth_trend,arima,"{'p': 2, 'd': 0, 'q': 20, 'sigma': 0.45}",-1.337565452229898
kernel,kernel,block,86,86338,87115,h,42.06896551724138,1.0992172787166585,3.4672089822294,0.036065101623535156,1000,smooth_trend,arima,"{'p': 2, 'd': 0, 'q': 20, 'sigma': 0.45}",-2.3679917035127414
kernel,kernel,block_buffered,86,86338,87115,h,127.58620689655173,1.1821082912390384,3.3627078648690385,0.0331120491027832,1000,smooth_trend,arima,"{'p': 2, 'd': 0, 'q': 20, 'sigma': 0.45}",-2.1805995736300003
kernel,kernel,walk_forward,86,86338,87115,h,52.758620689655174,0.8319097811165053,2.4256365048519086,0.019251108169555664,1000,smooth_trend,arima,"{'p': 2, 'd': 0, 'q': 20, 'sigma': 0.45}",-1.5937267237354034
kernel,kernel,naive,87,87338,88115,h,10.0,0.33574871055442296,2.4934438280723596,0.03611612319946289,1000,smooth_trend,arima,"{'p': 2, 'd': 0, 'q': 20, 'sigma': 0.45}",-2.1576951175179366
kernel,kernel,block,87,87338,88115,h,320.0,1.401689982324539,3.7412819420301773,0.035591840744018555,1000,smooth_trend,arima,"{'p': 2, 'd': 0, 'q': 20, 'sigma': 0.45}",-2.339591959705638
kernel,kernel,block_buffered,87,87338,88115,h,320.0,1.379428887440134,3.837322350438356,0.03335881233215332,1000,smooth_trend,arima,"{'p': 2, 'd': 0, 'q': 20, 'sigma': 0.45}",-2.4578934629982223
kernel,kernel,walk_forward,87,87338,88115,h,320.0,1.1500773993958473,5.296163531086208,0.019412994384765625,1000,smooth_trend,arima,"{'p': 2, 'd': 0, 'q': 20, 'sigma': 0.45}",-4.14608613169036
kernel,kernel,naive,88,88338,89115,h,10.0,0.3700196406845392,1.1078795710580471,0.035774946212768555,1000,smooth_trend,arima,"{'p': 2, 'd': 0, 'q': 20, 'sigma': 0.45}",-0.7378599303735079
kernel,kernel,block,88,88338,89115,h,320.0,1.953072504072257,1.074169297822028,0.035654306411743164,1000,smooth_trend,arima,"{'p': 2, 'd': 0, 'q': 20, 'sigma': 0.45}",0.8789032062502289
kernel,kernel,block_buffered,88,88338,89115,h,320.0,1.8387848040599835,1.386769025162409,0.033004045486450195,1000,smooth_trend,arima,"{'p': 2, 'd': 0, 'q': 20, 'sigma': 0.45}",0.4520157788975745
kernel,kernel,walk_forward,88,88338,89115,h,10.0,1.7262736266076626,1.2692487064173914,0.01934504508972168,1000,smooth_trend,arima,"{'p': 2, 'd': 0, 'q': 20, 'sigma': 0.45}",0.4570249201902712
kernel,kernel,naive,89,89338,90115,h,10.0,0.33944336935071756,1.8265794274781093,0.03601884841918945,1000,smooth_trend,arima,"{'p': 2, 'd': 0, 'q': 20, 'sigma': 0.45}",-1.4871360581273918
kernel,kernel,block,89,89338,90115,h,320.0,1.3325486352571967,2.810588525365953,0.03560280799865723,1000,smooth_trend,arima,"{'p': 2, 'd': 0, 'q': 20, 'sigma': 0.45}",-1.4780398901087564
kernel,kernel,block_buffered,89,89338,90115,h,320.0,1.3712584616706747,2.0459334017755664,0.032958030700683594,1000,smooth_trend,arima,"{'p': 2, 'd': 0, 'q': 20, 'sigma': 0.45}",-0.6746749401048917
kernel,kernel,walk_forward,89,89338,90115,h,127.58620689655173,0.7737918090230401,2.469039997490401,0.019368886947631836,1000,smooth_trend,arima,"{'p': 2, 'd': 0, 'q': 20, 'sigma': 0.45}",-1.6952481884673607
kernel,kernel,naive,90,90338,91115,h,10.0,0.3731705137321649,2.5318610797470615,0.03596782684326172,1000,smooth_trend,arima,"{'p': 2, 'd': 0, 'q': 20, 'sigma': 0.45}",-2.1586905660148967
kernel,kernel,block,90,90338,91115,h,95.51724137931035,2.141834811268131,2.943418074930512,0.03566908836364746,1000,smooth_trend,arima,"{'p': 2, 'd': 0, 'q': 20, 'sigma': 0.45}",-0.8015832636623808
kernel,kernel,block_buffered,90,90338,91115,h,84.82758620689656,2.2068904437433456,3.380191655194591,0.03316926956176758,1000,smooth_trend,arima,"{'p': 2, 'd': 0, 'q': 20, 'sigma': 0.45}",-1.1733012114512453
kernel,kernel,walk_forward,90,90338,91115,h,84.82758620689656,1.8972933969254466,3.4781988019798304,0.019364118576049805,1000,smooth_trend,arima,"{'p': 2, 'd': 0, 'q': 20, 'sigma': 0.45}",-1.5809054050543838
kernel,kernel,naive,91,91338,92115,h,10.0,0.4330055908388526,1.0851484164060083,0.03593301773071289,1000,smooth_trend,arima,"{'p': 2, 'd': 0, 'q': 20, 'sigma': 0.45}",-0.6521428255671557
kernel,kernel,block,91,91338,92115,h,52.758620689655174,2.039738203739078,2.2211851142043,0.03629326820373535,1000,smooth_trend,arima,"{'p': 2, 'd': 0, 'q': 20, 'sigma': 0.45}",-0.1814469104652221
kernel,kernel,block_buffered,91,91338,92115,h,320.0,2.16003407907325,2.305698537666184,0.032750844955444336,1000,smooth_trend,arima,"{'p': 2, 'd': 0, 'q': 20, 'sigma': 0.45}",-0.14566445859293387
kernel,kernel,walk_forward,91,91338,92115,h,320.0,2.31565151049836,1.9005614401699298,0.019269227981567383,1000,smooth_trend,arima,"{'p': 2, 'd': 0, 'q': 20, 'sigma': 0.45}",0.41509007032843015
kernel,kernel,naive,92,92338,93115,h,10.0,0.36210972390742757,1.624233483878172,0.035845041275024414,1000,smooth_trend,arima,"{'p': 2, 'd': 0, 'q': 20, 'sigma': 0.45}",-1.2621237599707444
kernel,kernel,block,92,92338,93115,h,20.689655172413794,1.9530756209330016,1.6390931136943352,0.03594613075256348,1000,smooth_trend,arima,"{'p': 2, 'd': 0, 'q': 20, 'sigma': 0.45}",0.3139825072386664
kernel,kernel,block_buffered,92,92338,93115,h,127.58620689655173,2.0407425043148493,1.8687223324044466,0.0330049991607666,1000,smooth_trend,arima,"{'p': 2, 'd': 0, 'q': 20, 'sigma': 0.45}",0.17202017191040264
kernel,kernel,walk_forward,92,92338,93115,h,320.0,2.106262956990175,1.6507805506493078,0.019262075424194336,1000,smooth_trend,arima,"{'p': 2, 'd': 0, 'q': 20, 'sigma': 0.45}",0.45548240634086734
kernel,kernel,naive,93,93338,94115,h,10.0,0.28643445475941054,1.8421113461090115,0.03551316261291504,1000,smooth_trend,arima,"{'p': 2, 'd': 0, 'q': 20, 'sigma': 0.45}",-1.5556768913496009
kernel,kernel,block,93,93338,94115,h,320.0,1.7282001011588934,4.826521265419278,0.035498857498168945,1000,smooth_trend,arima,"{'p': 2, 'd': 0, 'q': 20, 'sigma': 0.45}",-3.0983211642603847
kernel,kernel,block_buffered,93,93338,94115,h,320.0,1.7072745829125004,4.345523938509411,0.03341221809387207,1000,smooth_trend,arima,"{'p': 2, 'd': 0, 'q': 20, 'sigma': 0.45}",-2.63824935559691
kernel,kernel,walk_forward,93,93338,94115,h,10.0,1.0364567866515348,3.6765042808687456,0.019262075424194336,1000,smooth_trend,arima,"{'p': 2, 'd': 0, 'q': 20, 'sigma': 0.45}",-2.6400474942172107
kernel,kernel,naive,94,94338,95115,h,10.0,0.33053266768855677,1.8659785734773373,0.03609609603881836,1000,smooth_trend,arima,"{'p': 2, 'd': 0, 'q': 20, 'sigma': 0.45}",-1.5354459057887806
kernel,kernel,block,94,94338,95115,h,20.689655172413794,1.7713500849570718,2.1713684631637222,0.03567218780517578,1000,smooth_trend,arima,"{'p': 2, 'd': 0, 'q': 20, 'sigma': 0.45}",-0.4000183782066504
kernel,kernel,block_buffered,94,94338,95115,h,320.0,1.878419947572223,2.182604110830251,0.03342103958129883,1000,smooth_trend,arima,"{'p': 2, 'd': 0, 'q': 20, 'sigma': 0.45}",-0.3041841632580282
kernel,kernel,walk_forward,94,94338,95115,h,42.06896551724138,1.602457718761734,2.101552063712467,0.01922321319580078,1000,smooth_trend,arima,"{'p': 2, 'd': 0, 'q': 20, 'sigma': 0.45}",-0.49909434495073324
kernel,kernel,naive,95,95338,96115,h,10.0,0.3562874475454062,2.524681122283997,0.036257028579711914,1000,smooth_trend,arima,"{'p': 2, 'd': 0, 'q': 20, 'sigma': 0.45}",-2.168393674738591
kernel,kernel,block,95,95338,96115,h,320.0,1.6934459981647727,2.97827379446535,0.036302804946899414,1000,smooth_trend,arima,"{'p': 2, 'd': 0, 'q': 20, 'sigma': 0.45}",-1.2848277963005774
kernel,kernel,block_buffered,95,95338,96115,h,148.9655172413793,1.5998031769096872,3.0731279249531136,0.0332639217376709,1000,smooth_trend,arima,"{'p': 2, 'd': 0, 'q': 20, 'sigma': 0.45}",-1.4733247480434264
kernel,kernel,walk_forward,95,95338,96115,h,170.34482758620692,1.8366664983075773,4.087576746077965,0.019338130950927734,1000,smooth_trend,arima,"{'p': 2, 'd': 0, 'q': 20, 'sigma': 0.45}",-2.2509102477703875
kernel,kernel,naive,96,96338,97115,h,10.0,0.34954994583083926,1.9591202565392254,0.03594684600830078,1000,smooth_trend,arima,"{'p': 2, 'd': 0, 'q': 20, 'sigma': 0.45}",-1.609570310708386
kernel,kernel,block,96,96338,97115,h,320.0,1.6074652194426264,2.2873948705865326,0.03482389450073242,1000,smooth_trend,arima,"{'p': 2, 'd': 0, 'q': 20, 'sigma': 0.45}",-0.6799296511439061
kernel,kernel,block_buffered,96,96338,97115,h,10.0,1.6184300395542255,1.9476282730069983,0.03265881538391113,1000,smooth_trend,arima,"{'p': 2, 'd': 0, 'q': 20, 'sigma': 0.45}",-0.32919823345277277
kernel,kernel,walk_forward,96,96338,97115,h,127.58620689655173,0.8360459349096848,2.218532160533443,0.01872992515563965,1000,smooth_trend,arima,"{'p': 2, 'd': 0, 'q': 20, 'sigma': 0.45}",-1.3824862256237584
kernel,kernel,naive,97,97338,98115,h,10.0,0.3525767465375813,2.0979047769344907,0.03578901290893555,1000,smooth_trend,arima,"{'p': 2, 'd': 0, 'q': 20, 'sigma': 0.45}",-1.7453280303969094
kernel,kernel,block,97,97338,98115,h,63.44827586206897,1.4092286860668761,3.349334883984499,0.03606986999511719,1000,smooth_trend,arima,"{'p': 2, 'd': 0, 'q': 20, 'sigma': 0.45}",-1.940106197917623
kernel,kernel,block_buffered,97,97338,98115,h,10.0,1.8046754041359474,3.24735808939878,0.03298497200012207,1000,smooth_trend,arima,"{'p': 2, 'd': 0, 'q': 20, 'sigma': 0.45}",-1.4426826852628327
kernel,kernel,walk_forward,97,97338,98115,h,95.51724137931035,1.7771280222739376,3.0155766415952114,0.01892399787902832,1000,smooth_trend,arima,"{'p': 2, 'd': 0, 'q': 20, 'sigma': 0.45}",-1.2384486193212738
kernel,kernel,naive,98,98338,99115,h,10.0,0.3158397475897214,3.84595702386,0.03558802604675293,1000,smooth_trend,arima,"{'p': 2, 'd': 0, 'q': 20, 'sigma': 0.45}",-3.530117276270279
kernel,kernel,block,98,98338,99115,h,116.89655172413794,1.9740358692439806,4.227618808866159,0.035800933837890625,1000,smooth_trend,arima,"{'p': 2, 'd': 0, 'q': 20, 'sigma': 0.45}",-2.253582939622178
kernel,kernel,block_buffered,98,98338,99115,h,127.58620689655173,2.1216932460233675,3.0751711361696814,0.032945871353149414,1000,smooth_trend,arima,"{'p': 2, 'd': 0, 'q': 20, 'sigma': 0.45}",-0.9534778901463139
kernel,kernel,walk_forward,98,98338,99115,h,31.379310344827587,1.086445411518741,3.2102147093680005,0.019212961196899414,1000,smooth_trend,arima,"{'p': 2, 'd': 0, 'q': 20, 'sigma': 0.45}",-2.1237692978492593
kernel,kernel,naive,99,99338,100115,h,10.0,0.4167091857742197,1.7095285848316977,0.03574013710021973,1000,smooth_trend,arima,"{'p': 2, 'd': 0, 'q': 20, 'sigma': 0.45}",-1.292819399057478
kernel,kernel,block,99,99338,100115,h,320.0,1.7277515972625122,2.026850510988202,0.035489797592163086,1000,smooth_trend,arima,"{'p': 2, 'd': 0, 'q': 20, 'sigma': 0.45}",-0.29909891372568986
kernel,kernel,block_buffered,99,99338,100115,h,63.44827586206897,1.5746912502878818,2.0117701869411357,0.03294992446899414,1000,smooth_trend,arima,"{'p': 2, 'd': 0, 'q': 20, 'sigma': 0.45}",-0.4370789366532539
kernel,kernel,walk_forward,99,99338,100115,h,116.89655172413794,1.5398246510040892,2.6262503606147805,0.019327163696289062,1000,smooth_trend,arima,"{'p': 2, 'd': 0, 'q': 20, 'sigma': 0.45}",-1.0864257096106913
